DOY,1,1049,12040,12362,12365,12853,12863,12870,12872,12879,12903,1306,1363,15767,1593,1612,17039,17163,17164,17165,17185,17188,17365,17390,19,19059,19289,19308,19311,20543,21061,21107,21142,21452,21742,21745,21746,21748,21756,21757,21758,21759,21765,21771,21779,21786,21790,21791,21794,21796,21805,21807,21822,21847,21850,2393,23968,26980,26986,26993,27017,27417,27420,27442,27445,27446,27450,27454,27457,27460,27462,27464,27466,27943,30300,30301,30989,30994,31376,3419,3724,428,4308,5025,644,6833,709
1,0.327572164,0.330711332,0.349503823,0.346281697,0.334002324,0.341337844,0.357253468,0.34530875,0.346105658,0.347225164,0.357666303,0.354855199,0.323203449,,0.356656041,0.334531628,0.37347783,0.32387673,0.31441264,0.337251145,0.331260444,0.33270851,0.324622745,0.335791653,0.332095159,0.336951824,0.341954651,0.334830854,0.33859202,0.333018795,0.334610282,0.338008073,0.320723253,0.338849175,0.31080558,0.35304866,0.369236974,0.315401281,0.380629575,0.300073357,0.287182857,0.341207037,0.353719497,0.33035305,0.323568198,0.318960596,0.316380907,0.332393007,0.321123358,0.366510636,0.331334219,0.328241982,0.343334815,0.316448386,0.308888629,0.340312375,0.32669793,0.336007842,0.337329754,0.339400147,0.338486842,0.341067498,0.343619308,,0.323862902,,0.34068456,0.319994283,0.332815932,0.345234499,0.316941741,0.314220485,0.342654327,0.330103898,0.327939608,0.337257632,,,,0.321018372,0.324730333,0.337122424,0.319407858,0.333333333,0.331271079,0.327932185,0.330586138
2,0.32375056,0.336545454,0.336262946,0.350504974,0.336221036,0.323402414,0.35146276,0.343450599,0.342907317,0.349071771,0.362405562,0.355373017,0.32372948,0.332428191,0.357291355,0.336404352,0.364874081,0.322603886,0.317845131,0.325679053,0.326959526,0.330326691,0.322605424,0.328925748,0.333454071,0.335490433,0.342363006,0.33699114,0.335815728,0.332960311,0.334716334,0.336583364,0.3127784,0.337489959,0.313798847,0.35116025,0.368389972,0.313563929,0.369173753,0.295594744,0.278522841,0.342458146,0.354827898,0.331445041,0.327541763,0.318615821,0.312192096,0.330841354,0.31824223,0.370942973,0.328446556,0.326435699,0.336302453,0.315445386,0.307405076,0.342078021,0.341997328,,0.334170936,,0.338901734,0.341477736,0.342892414,0.342820315,0.321964901,0.345173451,0.339697967,0.318427994,0.333011114,0.341942703,0.318253629,0.315404858,0.342312476,0.330636025,0.326793013,0.327572045,,,,0.3210737,0.325108327,0.346411262,0.313904616,0.333333333,0.330432796,0.327564751,0.329762072
3,0.330235357,,0.33659862,0.347197195,0.333297753,0.336182586,0.343271699,0.344691378,0.355244189,0.33808408,0.358285389,0.355154821,0.323822855,0.335731994,0.355355928,0.340958834,0.358118386,0.3372226,0.311464782,0.32391866,0.329496539,0.330320837,0.326378577,0.33095167,0.334425712,0.336802622,0.344364994,0.335287008,0.335754743,0.331170142,0.337459678,0.337183982,0.321676539,0.336785777,0.325048962,0.350438914,0.365916556,,0.359347963,0.295679865,0.296629793,0.341165848,0.354603287,0.329229467,0.324914985,0.306245034,0.308130729,0.329427025,0.317969611,0.367846789,0.328854147,0.327031356,0.343560286,0.311771732,0.30742802,0.341720804,0.340848482,0.336070161,,0.340360773,0.338741435,0.342604529,0.342854532,,0.321075994,,0.342253743,,,0.342263504,0.309639244,0.314732265,0.342945197,,0.327477802,0.325222073,,,,0.323672958,0.327884002,0.344411408,0.309148184,0.333333333,0.332470416,0.327727623,0.332924205
4,0.320480338,0.34082303,0.338667311,0.345596778,0.33381999,0.341485171,0.349828276,0.34331302,0.346021811,0.344575577,0.361340902,0.353320151,0.326421404,0.33327798,0.354443653,0.339408205,0.354153362,0.326928595,0.316803804,0.32590104,0.327881278,0.330230133,0.327094148,0.331291908,0.328974039,0.338599715,0.342947537,0.335448716,,0.33285017,0.335947816,0.336293263,0.319986087,0.335830218,0.317206237,0.354691676,0.365545159,,0.352452129,0.299748931,0.309519205,0.34686212,0.354257412,0.329497876,0.339726662,0.31229145,0.311754509,0.330416758,0.325554449,0.370101014,0.330435163,0.327234988,0.34510249,0.317266098,0.305904231,0.346421851,0.345454117,0.33614644,0.335443242,0.338339207,0.338583743,0.341380132,,0.342269417,0.324408711,0.34601527,0.340356739,0.31993993,,0.346707602,0.314006851,0.313818775,0.34214654,0.332150442,0.327000158,0.324636809,,,,0.323859842,0.328289744,0.342391391,0.315648956,0.333333333,0.332516984,0.326930616,0.332423932
5,0.328516364,0.332861739,0.345805003,0.346456738,0.334235137,0.372345095,0.347326855,0.344259527,0.344228415,0.343855775,0.362621427,0.354720936,0.320130689,0.332487997,0.354103458,0.336810592,0.360506852,0.321827307,0.315023216,0.330044325,0.32598144,0.329758088,0.322528812,0.339903952,0.331811582,0.336449763,0.343550349,0.33616502,0.338247383,0.333418497,0.336019324,0.337524397,0.321690448,0.336258113,,0.352428829,0.365856099,,0.360490317,0.297376106,0.29713212,0.34463015,0.35573148,0.331235872,0.32666705,0.318759059,0.312809376,0.330390265,0.320511059,0.370848538,0.325162246,0.327742762,0.345375267,0.315391763,0.307111041,0.344580838,0.321417109,0.334760551,0.33563449,,0.340700539,0.341933083,0.342594381,,0.323027636,0.348042314,0.341886385,,0.331909897,0.341813771,,,,0.333746294,0.32777036,0.330268071,,,,0.320859883,0.324195807,0.341978601,0.31918762,0.333333333,0.331330335,0.327903991,0.332181747
6,0.32715623,0.329523773,0.339263244,0.346598185,0.335069536,0.338429637,0.344703534,0.343844176,0.341309251,0.337120195,0.351467422,0.353378692,0.316205375,0.33043119,0.354211833,0.341023025,0.358750604,0.323682322,0.316652378,0.339295483,0.328851813,0.328851901,0.323684328,0.336290989,0.330552541,0.338668963,0.344081225,0.335216076,0.337424686,,0.334455635,0.335920255,0.323988104,0.33807051,0.314543063,0.349019921,0.361924887,,0.360781077,0.294624181,0.310999922,0.346917085,0.350147359,0.331472066,0.324471227,0.321859847,0.306924896,0.327022799,0.322152489,0.367005008,0.32906413,0.326205231,0.344636558,0.316217565,0.304893064,0.34766873,0.340993173,0.338983708,0.34010957,,0.340509727,0.342262302,0.340971442,,,0.344739463,,0.320802925,0.334632223,0.343663539,0.316654799,0.313972364,0.342723168,,0.327395779,0.337186455,,,,0.315561408,0.319416706,0.33570577,0.319833162,0.333333333,0.334338173,0.328015181,0.333336347
7,0.322791056,0.332737949,0.344002207,0.344678419,0.334919304,0.34119825,0.345660799,0.344068284,0.342662719,0.344070431,0.360360802,0.353714409,0.318924458,0.33085372,0.356236856,0.341124863,0.357881344,,0.314007071,0.332967186,0.328920209,0.329076434,0.330751583,0.330195703,0.329207687,0.339981046,0.343028634,0.336853962,0.338351897,0.334589152,0.333603617,0.337062322,0.321151624,0.337570112,0.311086466,0.351023742,0.363635291,0.308172264,0.359782991,0.295891556,0.306985734,0.342029431,0.357018896,0.33183455,0.323800437,0.321621428,0.312507358,0.330562385,0.325529923,0.363031083,0.329572589,0.328671204,0.344501795,0.314053971,0.306231897,0.341449415,0.337519723,0.335872717,0.334846448,0.338810736,0.338070416,0.341274449,,,,,0.340573536,0.319201221,0.332824007,0.346381865,,,0.342423528,,0.328758663,0.33634218,,,,0.318367297,0.320965802,0.333877401,0.322730809,0.333334418,0.333640242,0.328764397,0.332044197
8,0.322805515,0.332473752,0.335098588,0.346554906,0.335002706,0.329573019,0.343420626,0.340398994,0.342377689,0.339857986,0.363149975,0.353532844,0.321050624,0.331369297,0.354057927,0.339207806,0.369237246,0.321895033,0.316289428,0.32816425,0.331033539,0.332235796,0.321837502,0.334563811,0.329168261,0.339637731,0.343213253,0.337675305,0.338042961,0.332916014,0.334199713,0.338703516,0.318239754,0.337698983,0.311742046,0.352684215,0.363242462,0.298861283,0.375767989,0.295518709,0.285908568,0.344628436,0.357071715,0.332247518,0.322610376,0.31964786,0.31099217,0.331023359,0.321624906,0.368435622,0.330195498,0.327023006,0.344155543,0.316920561,0.305848726,0.343291705,0.343244976,0.335351826,0.332734364,0.339052268,0.338768908,0.338885789,0.342487986,,0.32261138,0.345239875,0.341435094,,0.334485145,,0.311744465,0.313726534,,,0.326994853,0.32703077,,,,0.31950327,0.323993575,0.336055051,0.320130615,0.333333333,0.333975503,0.327123847,0.332307331
9,0.325067507,0.331807273,0.338638902,0.346828609,0.335011397,0.344940976,0.351972294,0.348448236,0.345544636,0.346044397,0.356742349,0.350801804,0.318330331,,0.352222254,0.341544749,0.371442064,0.323602076,,0.329219254,,0.329698057,0.323815349,0.341604974,,0.33914669,0.343732248,0.336406357,0.336774877,0.333946216,0.333862598,0.334326114,0.319481432,0.336573139,0.322371742,0.351055267,0.360659554,0.304983218,0.375794944,0.300623321,0.303583117,0.34694148,0.354439697,0.332556505,0.326856959,0.317673959,0.309155339,0.327398217,0.325041608,0.36253056,,0.327344397,0.346823017,0.317392691,0.306724958,0.343148437,0.323861964,0.336228583,0.329108491,0.340695612,0.337702123,0.340639377,0.344018093,,,0.343762259,0.341760364,0.321420285,0.333434821,0.343965333,0.316544657,0.313979402,0.34199101,,0.327564851,0.329161945,,,,0.319998181,0.323578627,0.330608258,0.32111552,0.333333333,0.333812899,0.328228253,0.332272197
10,0.325856746,0.33093729,0.336552719,0.345663799,0.3336929,0.338550264,0.348563992,0.343016433,0.34332503,0.340269203,0.358345704,0.353068426,0.320505928,,0.354844591,0.337937236,0.371680692,0.322292263,,0.328405867,0.32996512,0.330036507,0.321848852,0.340935932,0.332286498,0.336461441,0.34191942,0.337209612,0.336765403,0.333703341,0.335167897,0.333942829,0.327155943,0.336044491,0.311709838,0.352996641,0.368269523,0.305249219,0.378538488,0.298120576,0.29363814,0.345753215,0.35551093,0.332714879,0.327069139,0.317613486,0.310455091,0.329707116,0.319035079,0.369552429,0.332116509,0.328419291,0.345662702,,0.305883344,0.347819558,0.322600569,0.335083507,0.329422603,0.33963924,0.338390529,0.340695419,0.341987918,,0.317026149,0.343528641,,0.318964956,,0.341373679,0.315083062,,0.342053535,,0.328739049,0.326665147,,,,0.31886789,0.322363533,0.335633636,0.319715991,0.333333333,0.33197742,0.329010348,0.332800893
11,0.324295334,0.333518916,0.339316912,0.343607456,0.333614651,0.329167269,0.353265348,0.344598326,0.342288689,0.340518439,0.358267014,0.35256579,0.320707885,,0.353593907,0.340226703,0.37006313,0.323201555,0.314222864,0.322075196,0.326092223,0.329673809,0.323346842,0.332167244,0.330446966,0.335605225,0.346519,0.33789625,0.338388432,0.33345822,0.334830505,0.333972506,0.32032024,0.336414546,0.307995564,0.350700022,0.362291488,0.305403608,0.375452976,0.296544521,0.305797026,0.347777463,0.353157332,0.330403444,0.32446685,0.3229035,0.310006717,0.330271218,0.313079987,0.365771794,0.326269122,0.328517403,0.343847923,0.3137032,0.304981304,0.351126038,0.344232534,0.338712215,,,0.338184652,0.341372012,0.338798288,,0.320443236,0.344280994,0.341804036,,,0.344261135,0.314425983,0.315055431,0.342445123,,0.328985064,0.323095953,,,,0.321211604,0.325173471,0.332270715,0.314946384,0.333333333,0.332775781,0.329010642,0.332148846
12,0.324089386,0.34052604,0.346141505,0.342686883,0.332823587,0.34609006,0.355235951,0.344889362,0.34083286,0.345294945,0.356929971,0.349693078,0.318892563,,0.349901689,0.340844173,0.364881348,0.326578272,0.325138654,0.322492889,0.326554467,0.329450804,0.33428343,0.331121378,0.329942367,0.337769031,0.34524576,0.33754569,0.337628665,,0.336006352,0.336285509,0.3210336,0.337001298,0.318543048,0.35411435,0.36541251,0.313783801,0.369457308,0.300367539,0.312022223,0.346716089,0.351622228,0.332419692,0.324208493,,0.314296214,0.330830215,0.323008988,0.3653445,0.324239606,0.328945782,0.348143701,0.323540793,0.305641856,0.343649795,0.340724459,0.336634612,0.337969304,0.338630276,0.337362552,0.34125699,0.341858914,,,,0.341900744,,,,0.314286188,0.314303276,0.342378854,,0.329373661,0.321720816,,,,0.318575889,0.322591078,0.338791426,0.316719485,0.333333333,0.333258781,0.329484724,0.33129744
13,0.325728927,0.333345715,0.338001206,0.347389382,0.334347573,0.336840228,0.345157111,0.345240705,0.342513415,0.34153244,0.356380946,0.353494497,0.319188609,0.335715552,0.354349068,0.33950601,0.369491465,0.319700305,0.32746139,0.322917954,0.327646757,0.338943647,0.321550954,0.331240951,0.329122488,0.329896573,0.341260607,0.336647005,0.338623622,0.335036296,0.335610398,0.335438504,0.321066928,0.336093696,0.315828245,0.353237996,0.362525999,,0.377056641,0.2905849,0.2913674,,0.357145644,0.33210161,0.326101399,0.318017087,0.316641892,0.333119011,0.319292908,0.370156676,0.326838274,0.328825081,0.345137852,0.328023262,0.306180071,0.341132115,0.339904832,0.335839306,,0.338944159,0.33795256,0.342301215,0.339454229,,,0.3431906,0.342648656,0.319202156,0.332894363,0.339868968,,0.313864732,0.341998395,,0.329181603,0.320467494,,,,0.317371629,0.320553173,0.338168518,0.32732814,0.333333333,0.332497429,0.329348838,0.332223175
14,0.321213182,0.334106524,0.336624256,0.34490151,0.334087367,0.342260858,0.345558155,0.340523558,0.339841514,0.341213521,0.357282026,0.351688613,0.318444044,0.332559956,0.35164144,0.340576361,0.368948799,0.319889748,0.323126601,0.327948399,0.334888867,0.332195373,0.320439614,0.329898725,0.330047308,0.336077974,0.341849991,0.33696088,0.33798179,0.333014839,0.331906301,0.337809094,0.321990527,0.33577391,0.319316908,0.351876785,0.365460248,,0.374665626,0.295338968,0.314902709,0.345444669,0.356662918,0.329393561,0.326534862,0.319443126,0.308551161,0.32921409,0.309391241,0.364400392,0.33327975,0.328370312,0.343743203,0.324624115,0.306451438,0.34036402,0.340007186,0.336923491,0.341441827,0.340152499,0.338122337,0.341290473,0.343511658,,0.319743513,,0.341617328,0.319861946,0.332685665,0.343258332,0.315248948,,0.341253852,,0.329579595,0.325423031,,,,0.317886661,0.320798534,0.333028737,0.32467159,0.333333333,0.333616098,0.330466702,0.331653103
15,0.327835165,0.333667221,0.340639759,0.348691353,0.334745743,0.338335274,0.350743674,0.344905726,0.343782947,0.345015856,0.357024517,0.355286359,0.318251454,0.336459948,0.356395289,0.338298925,0.364786993,0.327960947,0.317416496,0.33115026,0.328318872,0.329404737,0.329645139,0.32846799,0.330323927,0.337339629,0.343285659,0.335601275,0.335970594,0.3346185,0.333298472,0.341439733,0.320828465,0.33866244,0.311011281,0.350819381,0.36527969,0.298057233,0.369819927,0.299922225,0.317177763,0.346877766,0.354323318,0.332438405,0.324163625,0.321491935,0.314096466,0.331994688,0.32260458,0.369069386,0.328356111,0.330525777,0.346034263,0.31734842,0.305982646,0.340200689,0.340544868,0.337369897,,0.33779523,0.339309676,0.340781695,,,0.319543217,0.342869826,0.343787143,0.32137152,0.329945528,0.341263676,0.31683161,0.313860088,0.340886651,,0.330161481,0.332036302,,,,0.317065668,0.320423312,0.336785504,0.316351229,0.333333333,0.333143333,0.330444584,0.32993216
16,0.326753616,0.338113699,0.339632005,0.341372498,0.335221799,0.336204676,0.352672876,0.347947461,0.346408603,0.345089886,0.357868719,0.354948752,0.321234191,0.331445895,0.356734826,0.341205527,0.362055078,0.322606967,0.316901999,0.32590349,0.323901923,0.329413288,0.322345323,0.342418219,0.328320976,0.337892164,0.34294168,0.3370844,0.337690115,0.332989801,0.334801073,,,0.337579227,0.312845069,0.353015318,0.367420308,0.31772623,0.366092085,0.299007322,0.3062274,0.344204731,0.357590392,0.332995448,0.325884456,0.319981427,0.317138427,0.332971332,0.322167314,0.370247875,0.322312247,0.329821673,0.344903161,0.317000758,0.306998605,0.342908905,0.340575286,0.335850751,0.334457511,,0.340378914,0.33929011,,,,0.342802403,,0.320115985,0.328009362,0.340016159,0.316595863,,,,0.330181176,0.325346862,,,,0.318909904,0.323382033,0.334477236,0.320496489,0.33333374,0.334966846,0.330494078,0.331254751
17,0.328412085,0.333173722,0.335876633,0.349329563,0.333181524,0.339048937,0.344076395,0.352407232,0.346443607,0.34023988,0.356555782,0.353901703,0.31496201,0.331009925,0.35496584,0.335739334,0.3722649,0.323824056,0.317642238,0.334863916,0.330368568,0.339375637,0.323316489,0.342448882,0.331283716,0.336795314,0.343303435,0.336001624,0.336838024,,0.333659834,0.341734309,0.317409325,0.335636947,0.314681602,0.353148213,0.365035613,0.306646054,0.379505891,0.296712057,0.303707544,0.346433762,0.357371357,0.330626244,0.322590144,0.322436735,0.310507479,0.33152056,0.3239605,0.368857499,0.334129891,0.328016057,0.344934647,0.31603117,0.305557256,0.344760754,0.325947514,0.334118748,,0.33531479,0.338699643,,0.33758784,,0.316938633,,0.341888473,0.318049669,0.329216815,0.33965065,0.316026698,,,,0.328336608,0.333802734,,,,0.317005206,0.320355197,0.334952125,0.320229877,0.333333333,0.332932829,0.329454727,0.332752503
18,0.325726809,0.339127043,0.336990927,0.346033203,0.332995793,0.341419843,0.350957872,0.34532941,0.34423818,0.343885556,0.356104459,0.349629073,0.327226944,0.330908217,0.349847552,0.340430597,0.365959681,0.331084755,0.320402902,0.324808388,0.328584546,0.330303144,0.326623583,0.334081709,0.329315389,0.336262326,0.341991999,0.336626692,0.337432541,0.335795859,0.333894756,0.340435856,0.321300418,0.337597804,0.315919123,0.353738209,0.360798347,0.317073455,0.37062797,0.290972189,0.316196892,0.346218142,0.353510671,0.33209575,0.326856322,0.321180664,0.309300108,0.328874192,0.313778368,0.369208384,0.327634888,0.326545302,0.346065872,0.312979598,0.306536244,0.346823669,0.324640689,,0.334451166,,0.339333557,,0.335972591,,0.316380278,,0.341385333,0.320531328,0.328941253,0.340785206,,,,,0.32707763,0.329699463,,,,0.319274299,0.325173426,0.338509929,0.314198096,0.333333333,0.334262275,0.327834992,0.332370674
19,0.327153299,0.332343457,0.337662915,0.343302115,0.333914981,0.35891533,0.352893559,0.342969793,0.341269138,0.346331468,0.355552045,0.352860301,0.330854881,0.331076884,0.352734592,0.338396233,0.365857547,0.32590291,0.317903643,0.327240075,0.330416333,0.33194225,0.325770218,0.337376058,0.342273088,0.337759591,0.343194301,0.335585156,0.337439759,0.334848304,0.335307284,0.341254875,0.319009494,0.339073774,0.311505339,0.352510157,0.368828196,0.317716876,0.371099166,0.297632099,0.314433458,0.34549495,0.351154689,0.332850916,0.324622562,0.321102825,0.317462265,0.333362288,0.3105696,0.368913876,0.333451244,0.327401797,0.347374977,0.316458627,0.306371567,0.345449768,0.322964584,,0.337204174,0.333731678,0.339438031,0.338194466,,,0.316572094,0.344253684,,,0.328751318,,0.312989976,,,,0.327464413,0.337753681,,,,0.329566665,0.332969037,0.343016606,0.320415093,0.333333333,0.334142815,0.327536096,0.329890021
20,0.328242277,0.332768599,0.336560074,0.346358048,0.332705049,0.349308153,0.347362846,0.345173457,0.342487924,0.339709241,0.357363293,0.356135462,0.328737283,0.331839926,0.357166996,0.339784353,0.371392268,0.326178509,0.318101261,0.330456581,0.328640852,0.339576366,0.326701072,0.335142985,0.329888751,0.336276434,0.34326872,0.334824774,0.337141387,0.336336371,0.334903009,0.341760168,0.323089041,0.335606475,0.311640446,0.353549292,0.36524794,0.314168335,0.379051202,0.299687953,0.293571486,0.346372192,0.358184674,0.329407053,0.326882073,0.320764904,0.313842883,0.331096949,0.310053537,0.369819047,0.328336951,0.327927238,0.346370574,0.317911589,0.308752358,0.343461234,0.334485149,0.335604701,,0.335500438,0.339244853,,0.339094375,,,0.342780299,0.340834687,0.318784538,0.32982278,,,0.313535595,0.341551457,,0.328379539,0.325229757,,,,0.330746999,0.334072976,0.339930769,0.321140322,0.333333605,0.334338131,0.328433631,0.328912572
21,0.328403573,0.333689258,0.334549289,0.343883536,0.335187503,0.353115288,0.33930394,0.342052598,0.338427442,0.341121158,0.357166629,0.354913734,0.325695158,0.333341269,0.355799647,0.341740395,0.368576855,0.325599031,0.317076188,0.335451448,0.331863618,0.339161091,0.324709711,0.3387915,0.330864292,0.338430367,0.342246927,0.336018511,0.334894703,0.334628064,0.335086819,0.33607377,0.317981822,0.340800913,,0.353974106,0.367396368,0.313202429,0.374337442,0.297925951,0.309348572,0.347360141,0.358823814,0.331973941,0.32710013,0.321682688,0.319450387,0.335940417,0.321146633,0.368632981,0.333009905,0.328680592,0.345461046,0.316940844,0.30618627,0.338996669,0.325065935,,,0.335470542,0.339717518,0.340350393,0.33801013,,,0.345164305,0.339450349,0.320264775,0.329648576,0.337857763,0.313102649,0.313560104,0.341463414,,0.328858179,0.335691142,,,,0.325535659,0.329566974,0.33463078,0.320558441,0.333333333,0.334269257,0.328259124,0.332637178
22,0.320608949,0.334031463,0.337737239,0.348676207,0.334830974,0.366851528,0.352188803,0.346843585,0.341514937,0.345035129,0.356895195,0.355227043,0.323921052,0.33028417,0.355873052,0.341244795,0.369978478,0.324879189,0.318294084,0.332090389,0.327573981,0.338505792,0.324176666,0.330090662,0.329199272,0.336157662,0.343737552,0.336499528,0.3375281,0.335422998,0.333714202,0.341084966,0.320472842,0.34018179,0.315564754,0.354047647,0.36651488,0.293089539,0.376214892,0.299565547,0.30937671,0.347985672,0.358663364,0.329794072,0.327305941,0.320646635,0.3173501,0.329643982,0.318045455,0.37020272,0.32964189,0.328275434,0.343756222,0.314673834,0.306903874,0.343164949,0.32625176,0.333383512,0.341757955,0.334820937,0.338500804,0.340311915,0.339466663,,,,,0.318604785,0.329753689,,,0.313740496,0.340784095,,0.328717912,0.332696543,,,,0.324659679,0.32870187,0.337054512,0.314123449,0.333333333,0.334887953,0.326939818,0.333466853
23,0.323248163,0.333342989,0.344349653,0.34643521,0.334983019,0.341507,0.342304762,0.349266295,0.34061834,0.337981568,0.358471639,0.35603185,0.32549642,0.330420486,0.357703952,0.34099718,0.37249694,0.328873007,,0.321391223,0.331880951,0.332119095,,0.331182505,0.330138278,0.336984452,0.342784814,0.336958411,0.336240863,0.3359672,0.333804604,0.336230413,0.327936486,0.337323466,0.309293583,0.350631763,0.367406013,0.296227561,0.379969365,0.300624696,0.310747642,0.350013799,0.355516913,0.3318143,0.32547585,0.319877979,0.312885685,0.332295634,0.310999303,0.369423295,0.33398367,0.332323237,0.343297726,0.327954751,0.311160159,0.34084949,0.337400589,0.336693065,0.337174221,0.333929364,0.336876178,0.341613062,0.339854188,,0.317346443,0.344457926,,0.319943949,,,0.316566716,,0.341561609,,0.331987637,0.329633917,,,,0.325899215,0.329804257,0.335509473,0.325107965,0.333333333,0.334072422,0.330384929,0.332953895
24,0.326856043,0.331083127,0.337121895,0.347703266,0.333607537,0.370308249,0.355025199,0.347302871,0.343574041,0.346765991,0.357520262,0.354712683,0.324753132,0.332527733,0.355401846,0.340909398,0.362107183,0.313497775,0.314511425,0.323426174,0.330709159,0.32951272,0.323564571,0.333597518,0.327953011,0.335870799,0.342164449,0.334050502,0.333919791,0.334869557,0.335385751,0.334379508,0.318486453,0.341111275,0.312235833,0.351812388,0.366052333,0.307071462,0.364645064,0.286147012,0.30099793,0.345351085,0.354983164,0.331936279,0.327173372,0.320942471,0.306112565,0.328648009,0.319910881,0.362359064,0.330618277,0.331453007,0.344054742,0.313638117,0.304124113,0.343810785,0.340819133,0.325120996,0.328213371,0.33548507,0.339498633,0.341604309,,,0.31626786,0.344634561,,,0.329548548,0.338724063,0.312866046,0.313820169,,0.334995387,0.33107926,0.324428031,,,,0.322440063,0.325700562,0.335258893,0.316993474,0.333333469,0.33391185,0.331232075,0.332261798
25,0.323742769,0.332193616,0.341345544,0.344295914,0.334103946,0.369138688,0.355495037,0.348852538,0.345440627,0.343778466,0.356835804,0.351835218,0.325307468,0.330850103,0.354028904,0.341895552,0.373416217,,0.315043131,0.337756464,0.330706137,0.33641629,,0.338121992,0.329945004,0.336786266,0.341764324,0.336494928,0.338595138,0.336347376,0.335468273,0.336791664,0.317083481,0.336555397,,0.353248576,0.364963444,0.301301795,0.379357525,0.299604344,0.300633113,0.346388643,0.357219696,0.330256952,0.326638518,0.322315546,0.316710227,0.33261597,0.320888062,0.370503824,0.332081046,0.331921793,0.343906479,0.315621015,0.306565373,0.34279901,0.341253924,0.334992615,0.327253566,,0.337257196,,,,,0.343895751,0.340914,0.318082896,0.328532469,,0.312447433,0.313604657,0.342849791,0.335550975,0.332124432,0.33725118,,,,0.323952635,0.327453466,0.335737146,0.318945286,0.333333333,0.335688547,0.332220766,0.331940853
26,0.321376298,0.331166865,0.336660911,0.348082823,0.335238675,0.372052033,0.339142359,0.346070141,,0.344176985,0.358274058,0.350386386,0.318854461,0.33122148,0.351199,0.341722725,0.366462483,0.325352178,0.322826272,0.336796202,0.331882777,0.331266566,0.3251202,0.33235468,0.33100159,0.337181352,0.343747732,0.335349812,0.338243318,0.334942731,0.335385467,0.342149068,0.321705192,0.338462621,,0.352280889,0.367623556,0.292508715,0.37121967,0.296320282,0.314130035,0.347581008,0.355823512,0.330552406,0.325228822,0.320439193,0.314448828,0.333258026,0.318077105,0.365168958,0.333389753,0.328892767,0.343624745,0.321445714,0.30629154,0.34115182,0.343670087,0.334067484,0.332916548,0.335216975,0.33823069,0.340215907,,,,0.344877953,0.344209021,0.321072114,0.329794448,0.337058887,,0.31307095,,0.333014839,0.328876614,0.336876985,,,,0.319081455,0.322696057,0.335750383,0.321518109,0.333333333,0.335476628,0.328629693,0.330688164
27,0.325154159,0.339906881,0.336535281,0.347608656,0.334925364,0.340895916,0.34575604,0.346301453,0.34784489,0.344516377,0.355979262,0.353877153,0.321485859,0.330703963,0.355572121,0.341866617,0.35808562,0.322597782,0.314029602,0.328894206,0.328959865,0.328972783,0.324215473,0.331604945,0.329941396,0.335891928,0.341075821,0.336133335,0.33662922,0.333449898,0.335453099,0.339715591,0.323912732,0.337706973,0.310078362,0.353411484,0.363954461,0.295858248,0.360513991,0.297631311,0.311870018,0.345318607,0.354667679,0.330627826,0.326563171,0.321348191,0.31838566,0.333918712,0.317397226,0.363664289,0.330394021,0.330419882,0.345133054,0.317421031,0.305247715,0.344339859,0.32297673,0.336242427,0.336222258,0.337474887,0.337420855,,0.333318535,,0.314338878,0.344930521,0.342192291,0.318409462,0.328408715,0.337111925,0.317887622,,0.340877988,0.334866105,0.330225769,0.330888829,,,,0.32043258,0.324739384,0.337304142,0.313651672,0.333333333,0.334119397,0.329358541,0.331991298
28,0.327170305,0.332505045,0.336498415,0.350567104,0.335421569,0.34000393,0.347551295,0.342951329,0.343907142,0.344229786,0.353247258,0.354299339,0.321312146,0.331685201,0.356325104,0.340021573,0.361726108,0.320003124,0.318364736,0.337444469,0.331818437,0.330322824,0.319953285,0.341629032,0.329208198,0.337143613,0.346415353,0.336023062,0.336607582,0.333400018,0.335628209,0.335274524,0.31855449,0.336922291,0.311814799,0.353399309,0.366298978,0.30264101,0.36643317,0.296069911,0.314093828,0.345968885,0.354573788,0.33139328,0.328178428,0.321161435,0.320190445,0.336002044,0.3130427,0.369200833,0.33336451,0.330675434,0.343844156,0.317670582,0.304001077,0.345909091,0.320956072,,0.335303287,,0.339489698,0.340980341,0.338812611,0.342681264,0.316858646,0.343707804,0.341567877,0.319443639,,,,,0.342531621,0.332313631,0.330897687,0.330333301,,,,0.322807726,0.327003722,0.336388717,0.319317899,0.333333333,0.332551302,0.330946921,0.332117785
29,0.322755644,0.333493068,0.343041568,0.345127197,0.334432698,0.341127397,0.349713797,0.342154842,0.34388565,0.342895749,0.357913162,0.35132816,0.324355947,0.331583479,0.353479781,0.341259585,0.376091372,0.325897772,0.315513436,0.33524675,0.329508986,0.332966395,0.326958896,0.330218373,0.331420422,0.336005273,0.341654258,0.335556494,0.33519309,0.335441629,0.335246994,0.335899175,0.321216403,0.334752389,,0.353918611,0.368611136,0.301453273,0.384200251,0.300201946,0.305301744,0.34784703,0.358109853,0.327796906,0.325537037,0.324405065,0.308441757,0.330530264,0.31329742,0.369676149,0.332680346,0.331363564,0.346221795,0.324597698,0.306442413,0.343287805,0.339773304,0.330500676,0.324374577,0.335164903,0.33847906,0.340854539,0.339196138,0.342088245,0.316890433,0.344929152,0.341319706,0.319875341,0.329136329,0.338466641,0.31719259,0.313006751,0.34179852,0.333682603,0.33153831,0.335336899,,,,0.323190442,0.32736975,0.333301694,0.320122244,0.333333333,0.335293541,0.331179731,0.330297453
30,,,,,,,,,,,,,,,,,,,,,,,,,,,,,,,,,,,,,,,,,,,,,,,,,,,,,,,,,,,,,,,,,,,,,,,,,,,,,,,,,,,,,,,
31,0.323232297,0.332197167,0.340375866,0.34616617,0.335636092,0.336522801,0.351479874,0.346483672,0.346426816,0.344197171,0.355785406,0.352372122,0.322293751,0.335819522,0.353446776,0.339159925,0.371412072,0.321763151,0.316503946,0.334870556,0.330190869,0.337900608,0.322772882,0.332657246,0.328600708,0.336645984,0.342341693,0.336394245,0.337717894,0.336097902,,0.335021285,0.319172006,0.336344284,0.31300338,0.353022688,0.363357755,0.30466446,0.379580472,0.297176809,0.307268805,0.345712729,0.354996198,0.329455639,0.324750034,0.320614516,0.309853003,0.329639942,0.319348583,0.368325196,0.330818118,0.330114097,0.342915128,0.317594139,0.307185483,0.340714776,0.322950121,0.333337847,0.338116731,0.33710973,0.33793322,0.341718763,0.342449316,,,0.344104647,0.342205009,,0.329055149,0.338515939,0.311700091,0.313550916,,,0.33054662,0.334862954,,,,0.321891809,0.326401296,0.335403818,0.319289584,0.333333333,0.335371186,0.331261169,0.331476899
32,0.324332418,0.332418634,0.338594426,0.347440077,0.335336287,0.336349121,0.33847843,0.347590888,0.344117612,0.344469093,0.356282848,0.354878693,0.320854322,0.331503106,0.356251664,0.342004611,0.374408233,0.327104839,0.318230771,0.324787364,0.327835789,0.338085855,0.331250059,,0.329116425,0.336761749,0.341109755,0.334877215,0.337204632,0.334126633,,0.335860735,0.319574258,0.336153061,0.310320628,0.353104467,0.364751837,0.302699509,0.383294822,0.299537274,0.305431221,0.346928983,0.355946279,0.329188455,0.324415818,0.320417478,0.308469284,0.328880478,0.323030718,0.369778077,0.327642199,0.330283609,0.341925927,0.316475845,0.307086556,0.34794617,0.338170745,0.335742097,0.330467709,0.339055865,0.339070463,,0.342727795,,0.324603165,0.346718724,0.342639285,0.318851513,0.334869989,0.345451025,0.312048578,0.315767531,0.344284312,0.333262745,0.330530448,0.326538687,,,,0.321861196,0.325348559,0.333849843,0.318615028,0.333333333,0.334793795,0.331089051,0.332229068
33,0.323961844,0.340584736,0.337295681,0.360847075,0.3343318,0.338241046,0.346277533,0.348831808,0.342098096,0.344704015,0.354082321,0.355399279,0.322188879,0.33666076,0.356534754,0.341705834,0.362529128,0.327472799,,0.331419864,0.328522952,0.329387297,0.330322156,,0.329067209,0.338197064,0.34624501,0.335273406,0.333648217,0.335238528,,0.334815539,0.323913886,0.335421467,0.318070011,0.353006621,0.362704687,0.302189926,0.365701714,0.301499139,0.312810646,0.346739541,0.354412647,0.330540344,0.32277102,0.318887556,0.317215652,0.332372326,0.321479422,0.367730671,0.330267964,0.332136713,0.344142485,,0.305877148,0.345407315,0.339366521,0.344040165,0.325808426,0.337898064,0.339059585,0.340710545,0.343028326,,,0.342967788,0.340932491,0.319167149,0.33241134,,0.317119574,0.314773825,0.342885889,,0.331940432,0.328009906,,,,0.315986336,0.319321677,0.333226036,,0.333333333,0.334314459,0.331796083,0.332889746
34,0.326310189,0.331298684,0.344381212,0.346394543,0.337210505,0.337592536,0.345627348,0.343443386,0.344382599,0.344267566,0.359108653,0.357744983,0.320968007,0.33171374,0.359547621,0.338695237,0.365962841,0.320621717,,0.331748512,0.328420653,0.330545171,0.320609176,,0.328891005,0.339375245,0.344631503,0.337428412,0.338607741,0.333676994,,0.338671403,0.319356734,0.336839069,0.311898431,0.351525291,0.364630547,0.3060901,0.370777308,0.294188036,0.312360258,0.346543745,0.355808866,0.331534197,0.322193608,0.321339264,0.308312991,0.328800102,0.320956005,0.369637264,0.329924692,0.330722837,0.345184933,,0.307197589,0.348940261,0.322802607,0.338267365,0.326799608,0.338406214,0.339501978,0.340746962,0.33914107,,0.316121777,0.34387959,0.340623968,0.320418299,,0.34500012,0.314131809,0.31423489,0.342169395,0.335857267,0.331234104,0.327728076,,,,0.318461347,0.322850266,0.334889989,,0.333333333,0.332896384,0.331804315,0.331740879
35,0.326269674,0.33795228,0.340686486,0.345944586,0.338898254,0.332427468,0.349129475,0.345394848,0.343393865,0.34439566,0.358226148,0.352382914,0.319327115,0.333532176,0.352882681,0.342195759,0.363230216,0.324774349,0.316412919,0.324797342,0.329675029,0.328712674,0.322171127,,,0.335667759,0.345917891,0.33759143,0.337505061,0.332608653,,0.33701426,0.325542836,0.336423529,0.309367033,0.354721829,0.363301291,0.304866086,0.367165654,0.299017875,0.316182559,0.346837885,0.35423925,0.328286497,0.328734924,0.320403063,0.314963397,0.332009331,0.323599345,0.368317403,0.328946121,0.331818301,0.345818018,0.316729872,0.30794035,0.345457006,0.324756387,0.337963902,0.340436078,0.339401853,0.341023112,,0.342515991,,,0.345577806,0.342795154,0.3199141,,0.341248372,0.313790448,0.316619681,0.342760809,0.333241614,0.331343534,0.325287099,,,,0.319717561,0.32383696,0.335671067,0.317349772,0.333333333,0.334380311,0.32963985,
36,0.323123997,0.32678411,0.335453126,0.344864877,0.336906674,0.33924607,0.347907026,0.34784944,0.34734578,0.344941301,0.352525276,0.352074563,0.314633682,0.331487853,0.352144911,0.339066968,0.360753968,0.319332732,0.317907037,0.327488752,0.329736541,0.337579185,0.319632445,,0.32843757,0.338445169,0.341451439,0.336935012,0.335748206,0.335809096,,0.3378021,0.324603735,0.336755821,0.308656738,0.353165452,0.364430594,0.304998473,0.364043548,0.272988134,0.309135558,0.345152605,0.353337296,0.330556489,0.32473935,0.320253277,0.312150648,0.329705611,0.322430138,0.365147245,0.330938377,0.332393603,0.339129829,0.31723719,0.306316281,0.347616883,0.339324703,0.338685581,0.338522427,0.335775691,0.340626956,,0.342140131,,0.319780873,,0.342794705,0.319685635,,0.345370222,0.315006674,0.314775074,0.342876895,,0.333154996,0.328083027,,,,0.315337488,0.319387911,0.334136052,0.32084944,0.333333333,0.334706166,0.333114465,
37,0.323439977,0.331708597,0.338063535,0.345403991,0.339498309,0.340908896,0.345827319,0.345704554,0.342465845,0.341802826,0.360665002,0.351979415,0.319100013,0.331886119,0.352987085,0.342427833,0.3656279,0.323723887,0.317577704,0.329771413,,0.328805362,0.326055917,,0.329289806,0.334805141,0.342502643,0.335407777,0.338519104,0.338184632,,0.338648459,0.321402615,0.33677824,0.310413984,0.351627753,0.366849383,0.306085809,0.370401436,0.294974605,0.313760411,0.347538788,0.3530629,0.330429744,0.325011477,0.320507714,0.315922735,0.332903637,0.314178032,0.36844547,,0.330568036,0.345812271,0.316782717,0.308775579,0.348005453,0.343371071,0.340375486,0.334489848,0.337055146,0.338605534,,0.34327693,,0.313687786,0.343950751,,0.321795773,0.332647373,0.343030766,0.31574488,,0.340942166,0.333769756,0.331098163,0.331252257,,,,0.319179734,0.323299157,0.331505801,0.315951559,0.333333333,0.33565978,0.331677953,0.331611227
38,0.325279092,0.32856068,0.336523339,0.347256398,0.342115086,0.33246531,0.348006021,0.345542867,0.346465515,0.345181603,0.358824439,0.350791939,0.316119011,0.331516771,0.352210559,0.343102951,0.364156332,0.324107028,0.319456407,0.328445154,,0.329027541,0.324780722,,0.329901356,0.335872864,0.339106836,0.335771322,0.338563411,0.336566181,,0.337989654,0.318968248,0.336591663,0.31000403,0.352267933,0.367482871,0.30121945,0.368335852,0.3000601,0.315429163,0.347161633,0.352655199,0.332465981,0.322133081,0.322553707,0.310885288,0.332088412,0.321559464,0.367125447,,0.330595093,0.343675501,0.319119725,0.306857717,0.34716571,0.325251066,0.335930666,0.329142698,0.334284479,0.340230157,0.340935609,,,0.313724884,0.342889383,0.342948821,0.322970353,,0.340519413,,,0.342802308,0.335065534,0.330811311,0.328396509,,,,0.315787575,0.31889532,0.336329824,0.322302636,0.333333333,0.333853381,0.330648937,0.332316544
39,0.327611702,0.339325048,0.338304465,0.344827695,0.342956772,0.337521584,0.35151271,0.345814669,0.344569699,0.34518688,0.360359059,0.351768482,0.324712641,0.331219933,0.352367741,0.34248722,0.366162721,0.325146031,0.318035183,0.336191712,,0.329763906,0.327956004,,0.330870207,0.337617693,0.339783742,0.335426309,0.338301414,0.338212978,,0.342059875,0.32231848,0.336612884,0.316265484,0.353135943,0.36110476,0.292017286,0.370852307,0.296738349,0.317515356,0.346482772,0.353101935,0.333013485,0.336641099,0.323755192,0.320733877,0.329896767,0.310159184,0.369407054,,0.330312792,0.345498293,0.317582409,0.306739244,0.344735365,0.325534233,0.335193593,0.328296439,0.332995929,0.338358571,0.340335219,0.339466556,,0.314549548,0.342754537,0.343541451,0.321338475,0.32979542,,,,0.340770676,,0.3304711,0.327116764,,,,0.322311915,0.32657962,0.335236854,0.321134184,0.333333333,0.335303437,0.330822542,0.329017093
40,0.321311985,0.339322097,0.338277154,0.339951916,0.338714508,0.338079154,0.345415343,0.345546627,0.343080706,0.342572589,0.358900324,0.35491649,0.326504703,0.330609343,0.35642688,0.342069175,0.360288026,0.326333098,0.327307668,0.323916822,0.328770392,0.32849676,0.326401462,,0.32948916,0.338356729,0.347123167,0.336616562,0.338073411,0.335072556,,0.342399685,0.322469332,0.337137844,0.314124539,0.354791045,0.365407307,0.301431141,0.362981576,0.300331237,0.311500973,0.34449958,0.353426737,0.32664006,0.336283755,0.320721171,0.318723372,0.331680839,0.322131491,0.364999467,0.32751281,0.331038542,0.344069578,0.327239188,0.305420052,0.346570889,0.333229377,0.333357119,0.33381224,0.337371869,0.339735423,0.340345284,,,0.314004253,0.342640946,0.341850499,0.317906059,0.328263635,0.339552743,0.307977958,0.313505674,,0.335843524,0.331275282,0.322158128,,,,0.324784968,0.329140234,0.332717773,0.327066103,0.333333333,0.33239511,0.331356989,0.330877383
41,0.322733195,0.333279666,0.334900703,0.343747942,0.33857084,0.334969068,0.345478904,0.346090787,0.345240237,0.345082368,0.359182455,0.351984594,0.328834776,0.331627647,0.352625068,0.341990251,0.363710923,0.31935502,0.321591707,0.326003351,,0.330535709,0.320584158,,0.329001538,0.335469303,0.339171971,0.335976723,0.338055676,0.336377877,,0.335222686,0.326032313,0.337032124,,0.352330296,0.366323158,0.294438484,0.367768643,0.29995279,0.317344733,0.346594525,0.355438014,0.330391176,0.335278262,0.32054573,0.31609784,0.334463475,0.320935476,0.369316024,,0.330006246,0.341501967,0.324009301,0.308497501,0.340846439,0.342964198,0.334608548,0.346267145,,0.340391427,0.340638119,,,0.316214358,0.342465357,0.342193227,0.319576474,,0.343597003,0.318174206,,,0.336007943,0.329191932,0.330016471,,,,0.325983721,0.330276476,0.332972978,0.320102179,0.333333333,0.334763444,0.329546479,0.32835897
42,0.3222998,,0.337784962,0.347138418,0.341413869,0.339890894,0.346886406,0.345520609,0.344952759,0.344666496,0.359224044,0.352758462,0.327204804,0.331403157,0.353986815,0.340248141,0.371400115,0.323168569,0.318635843,0.333975882,0.327899862,,0.323353398,,0.329891256,0.33855309,0.342107921,0.336997447,0.33795901,0.336511825,,0.335630763,0.32181435,0.335089902,,0.354006144,0.366254185,0.304170097,0.37900117,0.300425329,0.310545199,0.346991028,0.356404764,0.328079677,0.334600004,0.322888529,0.310303642,0.330308246,0.318287132,0.364978913,0.326580192,0.330493425,0.344977597,0.317595877,0.308182063,0.344272712,0.326707894,0.335747495,0.332617118,,0.3411127,0.339612863,0.337984923,,0.317329821,0.343061923,0.342305814,,0.329278225,0.34194904,0.314588193,0.313291761,,0.336477533,0.328705156,0.333401391,,,,0.326457054,0.330706303,0.335502403,0.321252956,0.333333333,0.335193197,0.328180801,0.331270042
43,0.319516188,0.332992888,0.341340558,0.348465817,0.338995276,0.341112785,0.348937413,0.344669552,0.337602677,0.343054233,0.352766746,0.352995236,0.327623864,0.332011764,0.353609116,0.340415265,0.365601497,0.329773934,0.320893329,0.328089248,0.329390547,0.32993519,0.329731642,,0.329248135,0.336257881,0.342014636,0.337756796,0.337878755,0.33791004,,0.337037021,0.323106186,0.336028308,,0.350714403,0.362692505,0.298336086,0.369634958,0.299253936,0.317614497,0.346964218,0.353521608,0.33089425,0.332855438,0.318446125,0.315289667,0.330494194,0.323635197,0.365809286,0.332208868,0.32986761,0.344263602,0.317430727,0.307862982,0.341557702,0.335657848,0.333190336,0.33453406,,0.338442218,0.340065946,,,,,0.340901254,0.318688522,0.330574642,,0.314681405,0.31402972,,0.33534354,0.330118472,0.325166036,,,,0.326090465,0.329823813,0.331693067,0.316344225,0.333333333,0.334989675,0.330556926,0.331022592
44,0.322854107,0.331001515,0.336370335,0.346999268,0.341896247,0.33844124,0.346964301,0.348188236,0.346067037,0.345862955,0.355224733,0.352573903,0.321963603,,0.353227523,0.34015551,0.369089745,0.32263084,0.315892002,0.336466211,0.331860823,0.336922061,0.326896924,,0.327805059,0.336764288,0.338225002,0.337424132,0.336938516,0.337600003,,0.342010337,0.321821897,0.337501089,,0.352525955,0.3623034,,0.376743136,0.297806698,0.310136485,0.346461514,0.354386899,,0.329639031,0.320543981,0.30861907,0.32970924,0.317619785,0.367871744,0.333720001,0.329134782,0.340359848,0.317459948,0.307495563,0.338962816,0.33666692,0.334298371,0.334847607,0.336061,0.339744384,0.340245288,0.340361943,,,0.343037507,,0.319035996,0.328262699,0.341978022,0.316429999,0.313868787,0.342845428,0.335703238,0.329309501,0.336150567,,,,0.319958519,0.324899564,0.336660868,0.317186456,0.333333333,0.335771099,0.328992765,0.331273238
45,0.324177445,0.339257297,0.340570055,0.343668079,0.339757801,0.338068505,0.345900561,0.342761302,0.344135757,0.343593775,0.359195627,0.352251465,0.325032098,,0.353043676,0.342209184,0.369193959,0.321551665,0.318255658,0.335899176,0.331725134,0.328650845,0.326369472,,0.329292356,0.336801016,0.341176645,0.334390808,0.338175024,0.338500077,,0.33525779,0.320807236,0.337632383,,0.353933485,0.364799671,0.3018733,0.374743119,0.297737263,0.316275777,0.347342537,0.353766753,0.329856072,0.334232597,0.319770485,0.312162609,0.330366338,0.320236623,0.366820451,0.332905268,0.330788963,0.341283963,0.32093764,0.309660682,0.345639554,0.338361504,0.333450376,,,0.338331324,0.338064965,0.33943745,0.341714616,0.316909879,0.343916848,0.341120609,,0.328953778,0.340024207,,0.311197436,0.341980626,,0.331717914,0.336113392,,,,0.322021999,0.326325598,0.335294769,0.319570408,0.333333469,0.33505044,0.332101892,0.330632561
46,0.320824522,0.33256849,0.340284546,0.346212319,0.34074642,0.338165655,0.344625379,0.345595072,0.346763475,0.34530775,0.35782439,0.354168389,0.323489784,0.329653193,0.354098254,0.339248464,0.361354932,0.321820956,,0.329532355,0.331495291,0.333193938,0.321470289,,0.328529436,0.336334097,0.340447662,0.335460255,0.336054499,0.337080121,,0.334736647,0.327246433,0.33521868,,0.352088215,0.363899345,0.308275478,0.365472809,0.293238273,0.314667311,0.34551911,0.354213042,0.327533826,0.323836555,0.318539952,0.315580629,0.330640927,0.320714651,0.36751008,0.333783544,0.332107261,0.33981663,,0.307504045,0.339185331,0.323822618,0.33115151,,0.335872146,0.337937918,0.339699369,0.340749317,0.342402676,0.317409311,0.344937257,0.342029031,,,,0.31511092,0.312952753,0.343127656,0.336081546,0.333040461,0.331039347,,,,0.321945965,0.326572962,0.335375023,,0.333333333,0.33606299,0.332873698,0.327074677
47,0.322136909,0.33137942,0.336275873,0.344838878,0.341094818,0.337273991,0.343422224,0.344983549,0.34493958,,0.360328644,0.354279607,0.322637746,0.33567778,0.354810758,0.340734421,0.369460536,0.321186485,0.322960554,0.33499468,0.331714294,0.337172696,0.324652136,,0.327998751,0.336024175,0.342929793,0.334847191,0.336190643,0.335707945,,0.333872452,0.326105025,0.335411143,,0.352669804,0.365685276,0.307176526,0.37588088,0.298062555,0.311982615,0.346782422,,0.31288919,0.324763372,0.320480042,0.317651754,0.332844547,0.32142218,0.367321675,0.332993739,0.331604197,0.339087044,0.323282022,0.308014591,0.33905145,,,,0.332096944,0.338940708,0.339976224,0.340426585,0.3420755,,0.344606175,0.34050325,,0.328673493,0.338355938,0.313147062,0.312932061,,0.332579556,0.331274025,0.335274081,,,,0.325135342,0.329570714,0.335800421,0.321085709,0.333333333,0.336153174,0.332044363,0.329324983
48,0.321779046,0.33240156,0.33636454,0.347334967,0.339006056,0.337942748,0.347885365,0.347392787,0.346950526,0.342884494,0.359754836,0.351607198,0.324883563,0.331152618,0.351335192,0.339077324,0.370955152,,0.322881132,0.335065821,0.331148444,0.328860053,,,0.329929451,0.337096559,0.342600373,0.336812347,0.337500186,0.335458912,,0.336147576,0.323225274,0.337693944,,0.350972564,0.367250441,0.3054611,0.376556387,0.298276695,0.313304322,0.349164837,0.35439234,0.326905463,0.323586265,0.322109562,0.315977146,0.333635935,0.322650975,0.366400822,0.332434776,0.327606279,0.344151325,0.322585197,0.308646894,0.338243516,0.331053814,0.335266496,,0.333996148,0.33855403,0.341128317,0.33991673,0.342077118,0.316773337,,,,0.329576196,0.339142864,0.31554976,0.315231297,0.343235468,0.334407854,0.331521117,0.334902036,,,,0.323212723,0.32843745,0.33407328,0.322289233,0.333333333,0.335265278,0.331101819,0.328295681
49,0.321062355,0.333137601,0.337146131,0.344856557,0.341466747,0.329428592,0.350406407,0.344740133,0.342305429,0.34411061,0.354917724,0.353276974,0.323835586,0.331060749,0.354469046,0.341174554,0.373274573,0.319571231,0.31931121,0.335443783,0.331125909,0.336130419,0.31569657,,0.329902825,0.337255171,0.343546085,0.33756941,0.338108724,0.336238708,,0.337946807,0.322282104,0.335385747,,0.35355538,0.367927397,0.302890355,0.379688665,0.300925355,0.310938211,0.348344516,0.356047156,0.329327046,0.322954874,0.318651498,0.315184799,0.331532926,0.32304608,0.36994396,0.332857355,0.330789686,0.345236657,0.322721198,0.309627577,0.338633487,0.332617591,0.335183263,,0.334838807,0.337774077,0.33994168,0.340282534,0.343882781,,0.344517544,0.342130272,0.320225732,,0.341926783,0.31321271,0.315298356,0.342974989,,0.330463703,0.335514008,,,,0.322521974,0.328141016,0.336724657,0.320619545,0.333338894,0.335688148,0.331561356,0.329290261
50,0.321785461,0.335559805,0.340807569,0.344864255,0.33981008,0.339092112,0.346772096,0.345931217,0.343162151,0.345315166,0.36212458,0.353546047,0.327643774,0.331670775,0.355291761,0.340796082,,0.316698341,0.317398837,0.328084826,0.330689504,0.328766417,0.313263342,,0.328976303,0.339434178,0.343395795,0.335974724,0.338736009,0.337677438,,0.337087482,0.320367064,0.337466313,,0.352707206,,,,,,,,,,,,,,0.364666591,0.330397559,0.332065118,0.345952074,0.317546035,0.309547657,0.338394092,0.33179524,,0.336059769,0.334739172,0.336451975,,0.338859924,0.344576179,,0.344551081,,0.31910482,0.328990312,0.339463919,,,0.342566601,0.333602767,0.33255941,0.328637423,,,,0.326766352,0.331016715,0.334077136,0.318540573,0.333333333,0.336392151,0.33302617,0.33186956
51,0.321452837,0.331666119,0.336134694,0.347370805,0.338977556,0.340037232,0.347116776,0.347453355,0.3452563,0.346611131,0.356261639,0.354783996,0.323765056,0.33235812,0.354922109,0.339542838,0.368104048,0.32056152,0.319305634,0.332316183,0.329839814,0.330912388,0.32732314,,0.327649774,0.335800888,0.339145209,0.337895008,0.337643423,0.337691836,,0.335862273,0.326261293,0.335307622,,0.350434257,0.363007769,,0.374400341,0.297204072,0.308884791,0.346934378,0.351145745,0.327622927,0.324480721,0.319498864,0.312928207,0.330690069,0.322469349,0.367404098,0.331756084,0.329776342,0.339599616,0.320100802,0.3076102,0.340450386,0.328221318,0.334843174,0.339992978,,0.337603203,0.339680313,0.34085728,0.343189191,,,0.34132454,,0.329261792,0.338976559,,0.314925309,0.343348429,0.336056519,0.329660395,0.335096221,,,,0.323429968,0.328192895,0.335168815,0.321036496,0.333333333,0.332716613,0.329767972,0.327619714
52,0.323332457,0.332291877,0.34024117,0.34553191,0.340563448,0.342966104,0.345728061,0.341832212,0.343670016,0.344593672,0.357191883,0.352339233,0.319708412,0.334225016,0.353486552,0.341246635,0.368877206,0.324778205,0.321366674,0.333671782,0.327124453,0.329624564,0.324502948,,0.328686918,0.34066172,0.343515836,0.334801622,0.336166358,0.33282491,,0.335201773,0.32015503,0.336527196,,0.35160147,0.366591538,0.304384289,0.373977924,0.29589447,0.314870431,0.348938796,0.356039684,0.330685828,0.325932201,0.320433939,0.311137871,0.331286613,0.319864886,0.370088842,0.326582277,0.330431933,0.345657952,0.322258051,0.308211027,0.342678905,0.334211496,0.333944281,,0.337555737,0.340234407,0.340375229,0.339995024,0.341561534,0.321554931,,0.339341655,0.317474135,0.330631584,0.337977895,0.314159854,0.314271696,,0.333517454,0.330218904,0.32848498,,,,0.321506847,0.324932422,0.334224085,0.321597338,0.333336046,0.333403963,0.329316457,0.32693058
53,0.322170812,0.336086042,0.341085844,0.346056964,0.340067294,0.33909715,0.349050636,0.346697425,0.346933613,0.345285183,0.358835466,0.350849494,0.31827668,0.338709602,0.352385284,0.340673705,0.366086008,0.321352566,,0.332660469,0.330140203,0.328560195,0.321028448,,0.330368149,0.340669995,0.341261305,0.335524287,0.338552997,0.33267944,,0.336761908,0.324424697,0.336401737,,0.352957526,0.370047412,0.303495785,0.369751475,0.298522784,0.313932397,,0.356934113,0.32868658,0.324920974,0.319841272,0.31320458,0.331085314,0.322690599,0.367609031,0.331083356,0.332459468,0.345703205,,0.305096956,0.338724742,0.334820337,0.333473118,,0.33392644,0.33973365,0.341533196,,0.342170273,0.321489769,0.343668955,,0.318546766,0.329611783,0.339716085,0.313639638,0.31491316,0.343519443,0.331150344,0.332614302,0.332495579,,,,0.319239349,0.323337438,0.335872159,,0.333339244,0.336108835,0.333567831,0.328274681
54,0.32010548,0.331106082,0.336385646,0.347570018,0.339744304,0.332801293,0.349583881,0.345512422,0.345241126,0.345557957,0.355829853,0.353845605,0.311982127,0.341092415,0.356427745,0.34025951,0.370046062,0.324317174,0.325049539,0.330065351,0.330642363,0.329545899,0.324391337,,0.328772911,0.341126329,0.34170009,0.335101284,0.338817232,0.333621839,,0.336105967,0.319761758,0.337158273,,0.352760019,0.363430849,,0.376115099,0.298024554,0.310994166,0.347795528,0.3563089,0.329115352,0.323698131,0.320838963,0.315243443,0.331835075,0.322119392,0.368914123,0.332248889,0.332422808,0.343966463,0.321746509,0.309083761,0.338675205,0.338415376,,0.330425261,0.335696068,0.33933188,0.341017311,0.339649315,,0.320983613,0.342884743,0.342375845,0.318874489,,0.339724815,,0.314430216,0.343107256,0.330354603,0.332857895,0.331761681,,,,0.315511006,0.319973701,0.335070949,0.321351137,0.333333469,0.337827548,0.333563666,0.327894417
55,0.31836253,0.332716598,0.336740743,0.346108825,0.339755006,0.334140908,0.347159912,,0.341762706,0.344217552,0.359470533,0.355443475,0.321317462,0.33658423,0.355977046,0.339776637,0.366387398,0.319224567,0.320940818,0.332538668,0.330549067,0.328906904,0.319022724,,0.328690423,0.337852897,0.34193778,0.33540723,0.337964777,0.335084563,,0.338954104,0.321385602,0.337903189,,0.352794901,0.365849383,0.297988771,0.371243532,0.295662758,0.312736932,0.34810913,0.354899696,0.329948591,0.322948515,0.32033278,0.318611836,0.333207499,0.325135546,0.368455468,0.330010576,0.330486129,0.344421322,0.322803122,0.308379641,0.340160187,0.336377576,,0.334681072,0.334262626,0.33824263,0.339765154,0.339195534,0.34305433,0.316218426,0.342796592,0.342282638,,0.33038904,0.339773892,0.31291166,0.313438124,,0.333818007,0.329632843,0.330562482,,,,0.318683189,0.322711497,0.334562453,0.323903496,0.333333333,0.337616049,0.332037314,0.330362379
56,0.322625598,0.333491039,0.339990044,0.347086856,0.338565031,0.337253522,0.36129149,0.344873897,0.344272726,0.345258425,0.354567766,0.357038767,0.315561134,0.334549982,0.358071956,0.341962198,0.373076968,0.321691559,0.314806981,0.328433194,0.331733913,0.332916913,0.321297584,0.332644385,0.331636895,0.339323519,0.338483119,0.334593232,0.333480375,0.334059702,0.334725864,0.337801293,0.322956984,0.338743315,,0.353406881,0.368719935,0.302025108,0.379620935,0.300790025,0.312662175,0.348611862,0.357298693,0.330871688,0.323008302,0.32051887,0.313475174,0.328750524,0.321736689,0.368348243,0.333176013,0.332138603,0.346381082,0.312784839,0.309915332,0.339712715,0.33685016,0.335505443,0.335751405,0.335286878,0.338423392,0.339252913,0.339891806,,0.317661367,0.342758022,0.338309497,0.318205623,,0.338977887,0.3109627,0.313580166,0.341739218,0.333789954,0.333947068,0.336473247,,,,0.315112334,0.320081685,0.335326058,0.314380529,0.333333465,0.336970965,0.333752023,0.331092679
57,0.322874992,0.332570487,0.343850833,0.346889458,0.33769957,0.341013851,0.346762254,0.348859713,0.344181738,0.344610398,0.359879511,0.353616252,0.321364303,0.333838425,0.353884899,0.341560681,0.364070447,0.320649614,0.322629524,0.334140987,0.330769367,0.329173794,0.320489113,0.331229235,0.330623991,0.33786723,0.344282724,0.338299,0.335676549,0.337283991,0.335075623,0.336426436,0.325442147,0.337680973,,0.351096834,0.367246723,0.302463423,0.368366775,0.295176502,0.315166591,0.347918012,0.3541676,0.330744075,0.323549618,0.321451454,0.315841895,0.331152034,0.321738949,0.366035631,0.331363994,0.333593251,0.338755197,0.325548487,0.308809193,0.342380101,0.336661766,0.335854385,0.337321337,,0.338119071,0.341233399,,0.343717673,,0.344030253,,,0.333112461,0.340772599,0.312860858,0.31374249,0.3437055,,0.33386782,0.333470044,,,,0.317948749,0.322472594,0.334501036,0.32411885,0.333333333,0.333934162,0.333565369,0.330433237
58,0.319419618,0.332183963,0.34456818,0.341407938,0.338250709,0.341373079,0.346479488,0.344344825,0.33974202,0.343910179,0.355950689,0.354552792,0.309619133,0.334778977,0.356449009,0.340149714,0.371540448,0.318923052,0.321213154,0.332433322,0.329057475,0.336635704,0.319872475,0.337044619,0.329212222,0.342550128,0.343963025,0.336858309,0.338810837,0.332596223,0.33487914,0.333920972,0.321756672,0.339177339,,0.353081809,0.367101805,0.292279551,0.378649073,0.300403482,0.311664664,0.348232646,0.35523638,0.329922884,0.32524033,0.319772549,0.30903264,0.327762433,0.319983644,0.36991007,0.330345775,0.333034877,0.338233661,0.32286664,0.309367741,0.347602463,0.328264689,0.335544741,0.340184886,0.335831828,0.340966754,,0.340455737,0.34453603,,,0.343065304,0.318910224,0.333403568,0.337968132,0.312531309,0.313814257,0.343507845,0.335500352,0.333554369,0.331329875,,,,0.308786225,0.313464404,0.335725598,0.321215342,0.333333605,0.333474454,0.333640584,0.331889561
59,0.321696354,0.332286822,0.336764145,0.345639072,0.338951301,0.338980792,0.347477957,0.341423482,0.343329472,0.345395592,0.356812996,0.354725651,0.308068705,0.335786174,0.355595135,0.339406146,0.371469666,0.325301971,0.317512518,0.333765621,0.330038204,0.336602942,0.324828339,,0.329123816,0.338151454,0.341939277,0.335603629,0.339748565,0.332586171,0.33478094,0.338505096,0.318664345,0.337679897,,0.3535377,0.369664608,0.307281963,0.378851812,0.299256303,0.311351339,0.348028274,0.356383955,0.328847407,0.324509551,0.320914513,0.316054491,0.332291348,0.319346009,0.368591273,0.331069652,0.332940226,0.337349416,0.317689989,0.310427323,0.343988835,0.336189372,,0.337888373,0.335798002,0.337190111,0.341035316,0.340110081,0.341658773,0.316941166,,0.343114692,0.320504728,,0.339116667,0.31329091,0.314510913,,,0.333374129,0.333642311,,,,0.311874258,0.316419392,0.336659724,0.318007962,0.334476244,0.332697288,0.333588969,0.328185413
60,0.323909388,0.332914086,0.337818681,0.346396944,0.339177018,0.338829826,0.35112295,0.346487668,0.346932897,0.343995079,0.35625318,0.352483624,0.319692271,0.334783232,0.35301028,0.34133017,0.364023837,0.327059694,0.314405837,0.334055503,0.330425951,0.329202634,0.328653594,,0.329894752,0.33607517,0.342153522,0.333508004,0.336889689,0.334517474,0.33579728,0.335754039,0.328373784,0.337556606,,0.353214901,0.368767723,0.304232213,0.368076672,0.30040477,0.315334895,0.347819997,0.356449629,0.318262064,0.323234452,0.321390321,0.309226845,0.33245774,0.322093837,0.368570338,0.331395297,0.333256401,0.34549181,0.312667237,0.309670367,0.341841547,0.335749152,0.335927589,0.335922032,0.335097982,0.337154757,0.340178223,0.340085177,0.342422,0.317111338,0.343607375,0.342752831,0.317836322,0.331765281,0.340461005,0.313280721,0.313395764,0.34326855,0.332196616,0.333339992,0.334075173,,,,0.319212113,0.323103099,0.336920106,0.314613416,0.333368028,0.335348362,0.333050755,0.328504772
61,0.323440448,0.32633573,0.34359039,0.347217119,0.339460172,0.337314173,0.348350368,0.344611998,0.345116434,0.344017857,0.355446716,0.35271699,0.318880267,0.337279259,0.353947366,0.340900623,0.359931727,0.324288655,0.32035052,0.32772425,0.330233092,0.328146675,0.322783271,,0.328121032,0.338916817,0.343476163,0.336014679,0.337131091,0.336323035,0.336376232,0.335064007,0.32992953,0.336653936,,0.352414083,0.36579826,0.29558497,0.363668749,0.296054038,0.313497975,0.344094384,0.355455702,0.325360084,0.323903251,0.31978513,0.316047619,0.328851577,0.319348817,0.369632109,0.331413061,0.333218459,0.345389507,0.324348164,0.310559111,0.340179214,0.3235169,0.336326247,0.335083227,0.332660007,0.339744628,0.33851822,0.340018246,0.342491735,0.318341524,0.342863944,0.340314672,0.319730921,0.329802013,0.338897842,0.314885265,0.31349575,0.343449214,0.333559979,0.333397895,0.327979683,,,,0.313361345,0.317418629,0.335519513,0.322696218,0.333333333,0.333947045,0.333450013,0.330744349
62,0.325749455,0.332859831,0.335987458,0.346622351,0.336474493,0.340236008,0.349500919,0.34451333,0.3425363,0.34318122,0.356769419,0.354038507,0.317185681,0.33365347,0.354880062,0.341935619,0.368978747,0.325801602,0.326557497,0.333086296,0.330136197,0.330511106,0.326208623,,0.330852201,0.336479143,0.344084683,0.336923287,0.337517193,0.332359774,0.334865242,0.334579799,0.321927131,0.337723348,,0.353240905,0.368660494,0.297235536,0.374048846,0.298984416,0.315900655,0.348591151,0.356489233,0.330236772,,0.321864058,0.319610137,0.334961685,0.31220586,0.370411175,0.331001603,0.329588362,0.337869242,0.326039382,0.309602092,0.340359421,,0.33212667,0.331786885,0.335582249,0.339322706,0.342259808,0.33918254,0.342355313,0.317818863,0.343662956,0.340501697,0.319754688,0.329449501,0.340090439,0.314543881,0.315075462,0.342799312,0.331114818,0.329664877,0.333422751,,,,0.317362139,0.321968315,0.335869805,0.324042363,0.334776983,0.331941973,0.32960732,0.327942266
63,0.321290787,0.334488985,0.339162423,0.346855193,0.337342155,0.343203799,0.352815676,0.345100293,0.343837074,0.343123143,0.357155882,0.352852194,0.319466874,0.336523265,0.3537177,,0.365652069,0.328002436,0.313078462,0.333781051,0.330062505,0.334249526,0.326003443,0.33157498,0.332191756,0.338036893,0.34263871,0.335356738,0.338653016,0.332671868,0.334880143,0.335423584,0.32147325,0.335895405,,0.354187673,0.370055057,0.303552392,0.370584582,0.296151238,0.315509054,0.347825262,0.352530254,0.328202457,0.326575603,0.322593487,0.312133059,0.330853773,0.322765844,0.370739178,0.331029345,0.332216499,0.345021973,0.31923022,0.308722749,0.339793668,0.344060958,0.333484641,0.347412411,0.336482019,0.33735491,0.343308716,0.339962649,0.341847363,0.319467992,0.343141375,0.343911084,0.318719504,0.328270565,0.339651116,0.316131016,0.31434649,0.343603852,0.335030309,0.3331654,0.333970226,,,,0.319011878,0.322834894,0.334245104,0.321665834,0.333333333,0.333219561,0.333218141,0.329095661
64,0.319239958,0.332870566,0.343560456,0.34654111,0.338753703,0.34207038,0.350248758,0.346281354,0.34300878,0.344408289,0.356145665,0.352193157,0.313821422,0.331380676,0.352955077,,0.375854152,0.322443803,0.305599043,0.332407281,0.330638789,0.331071411,0.321674614,,0.330453771,0.341826629,0.342005109,0.337769424,0.338863334,0.33475638,0.336590076,0.336199271,0.320644085,0.335946987,0.314371885,0.350242554,0.365586981,,0.383408298,0.296160085,0.317465938,0.34800623,0.352872492,0.330104275,0.32273736,0.321052629,0.314736353,0.330700756,0.320532547,0.366924979,,,0.3423597,,0.310927544,0.342225591,0.334255428,,0.338038875,0.336244808,0.337096803,0.342145546,0.339864761,,0.315863395,0.342826274,,0.319950822,,0.339501936,,0.313515894,0.343925337,0.332444839,0.333737499,0.333998693,,,,0.309066157,0.314338212,0.335505856,0.30100305,0.334665981,0.334284185,0.3338099,0.33235067
65,0.31982876,0.331628433,0.341945156,0.345179376,0.339796842,0.341894188,0.350337991,0.343795508,0.345763519,0.343964557,0.358749104,0.35587089,0.313397723,0.333561687,0.355528843,0.340183526,0.371719295,0.319046771,0.318349341,0.334342096,0.331135121,0.335698761,0.319981428,,0.329223494,0.341880242,0.342213095,0.335410354,0.338570175,0.336060557,0.335162944,0.340122717,0.320704297,0.335282058,0.309858663,0.35326955,0.369737612,,0.379092579,0.298346064,0.314675767,0.348682829,0.355842668,0.330665253,0.324035894,0.321062265,0.313704301,0.333171613,0.323493704,0.369218088,0.332205834,0.333678988,0.34112155,0.310552541,0.31127936,0.340087526,0.332086197,0.333686298,,0.335027564,0.337593818,0.342667524,0.340028427,,0.316442158,0.3431662,0.342175304,,0.329245981,,,,0.343502443,,0.334114129,0.3324364,,,,0.314113775,0.31784595,0.336276173,0.315451886,0.334149606,0.335178478,0.333970998,0.330614718
66,0.321086124,0.333989935,0.33638518,0.345654505,0.339303484,0.340784531,0.348879026,0.346546192,0.343820042,0.346093172,0.355366096,0.356584386,0.308037762,0.331438514,0.357166874,0.34143487,0.373667303,0.319995445,0.318623781,0.334775259,0.329201712,0.329323903,0.320385816,,0.330976454,0.336253236,0.34235974,0.338380818,0.33899781,0.336710207,0.334863055,0.340616216,0.323603473,0.335579994,,0.352540591,0.368094893,,0.380129086,0.300622672,0.313937412,0.349583149,0.356296609,0.331380423,0.325788083,0.321578777,0.310775072,0.332193273,0.320745951,0.36912992,0.329495187,0.33290875,0.338549152,0.317766213,0.311690764,0.342970549,0.330455697,,,0.339959129,0.338147942,,0.339887787,0.344451453,,0.343269663,0.341938823,0.320550036,0.330408496,0.337795084,,,,0.336151582,0.335021261,0.335183802,,,,0.306668104,0.311887636,0.335279588,0.321043804,0.335543384,0.335808476,0.333732776,0.328640873
67,0.323870867,0.333820204,0.337985024,0.344500254,0.338955592,0.347068572,0.351255056,0.347306621,0.345708517,0.344955085,0.357877581,0.356263947,0.318691828,0.331874653,0.35554097,0.342127329,0.367207842,0.323506756,0.319986463,0.334732555,0.330317807,0.328363081,0.324141807,,0.330988023,0.335930741,0.342052975,0.336723947,0.339466239,0.337105109,0.334531347,0.340762941,0.32102339,0.337310857,0.316625181,0.353566406,0.365583604,,0.372024726,0.289907573,0.314586363,0.348092051,0.356785054,0.331506051,0.324134075,0.320381748,0.31180845,0.332787302,0.320401533,0.370899501,0.331598232,0.332706001,0.344723458,0.318692365,0.309352083,0.341554241,0.326424855,0.333507038,0.334707988,,0.336079093,0.338827404,0.339916462,0.342826577,,0.341329678,0.341209368,0.319386483,,0.336767525,0.312899738,0.313554776,,0.332245595,0.32292004,0.334709749,,,,0.320304246,0.32422171,0.332330224,0.321622651,0.334431123,0.335495457,0.334173976,0.328752813
68,0.32699621,0.328067103,0.338291556,0.346906422,0.33927489,0.338006365,0.350574598,0.344938687,0.344133183,0.344598737,0.355352319,0.355363465,0.3194138,0.33055858,0.355888585,0.33937458,0.373897626,0.323302017,0.316738644,0.334588872,0.330237849,0.328918958,0.324624699,,0.328457927,0.336420404,0.342892326,0.336521231,0.338506831,0.337237432,0.335150151,0.33857737,0.322358973,0.336088803,,0.353528046,0.367584237,,0.380954326,0.301156707,0.313681936,0.349963266,0.35535567,0.330804333,0.32749087,0.321176324,0.317921006,0.334856963,0.323250806,0.370133548,0.331411349,0.333511109,0.341388213,0.320333565,0.31247888,0.342242823,0.331016163,0.332823619,,0.338836221,0.336204515,,0.340014503,0.343158855,0.313996631,,,0.320208561,,0.337162323,0.304970035,0.313528519,0.343908921,0.333944737,0.333586721,0.334953397,,,,0.319099756,0.323167482,0.337293756,0.31605734,0.335088348,0.336273253,0.333682646,0.328953104
69,0.3221785,0.330960485,0.338736961,0.345449618,0.338869535,0.344485209,0.354587341,0.346449947,0.345549052,0.343925124,0.357537891,0.355836844,0.326563406,0.331317766,0.356915317,0.341682094,0.372934594,0.329917036,0.320522251,0.335084559,0.330391027,0.329692419,0.331473381,0.330313326,0.331150413,0.341061598,0.340740068,0.33911122,0.338649744,0.33798047,0.335088115,0.339537496,0.323558497,0.336602568,0.313096055,0.354096919,0.371141031,,0.378723352,0.300734634,0.31626649,0.350105308,0.357503987,0.331830978,0.327355781,0.323245958,0.318810117,0.335561946,0.322165139,0.371975177,0.331504548,0.333335697,0.345748032,0.314565043,0.31103272,0.342022891,0.342309978,0.33385317,0.32967307,,0.336480877,0.340346961,,,0.313691212,0.342716321,0.340286827,0.319740548,0.329931042,0.334619785,0.313869618,0.313417802,0.342612547,0.333339978,0.333533619,0.335103373,,,,0.327195931,0.331000006,0.334704156,0.316770422,0.334747204,0.336612959,0.333569557,0.329029381
70,0.324316404,0.330972513,0.343958072,0.347442537,0.33842696,0.348343391,,0.346442892,0.346339662,0.346308164,0.355695703,0.354494551,0.324776125,0.33246962,0.355212078,0.340501527,0.366522246,0.329406195,0.378686882,0.329398892,0.32963636,0.334332491,0.327947023,0.330943769,0.330542668,0.337321017,0.341918146,0.337220689,0.335782508,0.33734059,0.335103858,0.338274265,0.323107765,0.336066428,0.323141189,0.354124691,0.371268366,0.29871322,0.372572991,0.299658705,0.314641347,0.347986314,0.357985781,0.332606217,0.326753058,0.321142613,0.317246536,0.333966988,0.321328042,0.371246082,0.331112401,0.333164004,0.337410796,,0.311033024,0.344988498,0.343619566,0.332779007,0.327568614,0.338490964,0.338473227,,0.340220166,,0.311844538,0.342748238,0.340111883,,,0.335723591,,0.313213006,0.342511806,0.333815481,0.339619795,0.329893647,,,,0.323667469,0.326794781,0.336380064,0.38498579,0.335892505,0.333356681,0.333186365,0.331051753
71,0.325757353,0.331771044,0.339285422,0.344633906,0.338415428,0.345848996,0.3515474,0.346471354,0.343872243,0.34613538,0.357136988,0.354326763,0.323569849,0.332516428,0.354928606,0.338793202,0.373224935,0.326648655,,0.335887815,0.329854616,0.333943095,0.32654431,0.332136396,0.32874995,0.336853135,0.345307711,0.334832716,0.338142136,0.338148028,0.335090548,0.336741697,0.324069333,0.335830178,0.313189564,0.353112203,0.367839278,0.297314629,0.381051527,0.298564059,0.317399705,0.349242606,0.356333032,0.330577293,0.326372199,0.322318109,0.317170441,0.335462932,0.325026127,0.369177867,0.33360059,0.33314236,0.33598743,,,0.342929803,0.346299573,0.332925512,,0.335746324,0.33788311,,,0.342709281,0.314108939,0.342817131,0.340519648,0.321155236,0.330817981,0.335703688,0.314288431,0.313695677,,,0.333160812,0.333305872,,,,0.322894419,0.327572901,0.337272783,,0.335368212,0.333766594,0.333068887,0.330228545
72,0.324369395,0.332680509,0.337615654,0.345169871,0.338466588,0.349996195,0.348838435,0.341042851,0.346576728,0.344454882,0.360914381,0.356577243,0.32565326,0.332503856,0.356887263,0.338997022,0.370653916,0.332168773,0.327582764,0.335635144,0.330730125,0.328708998,0.329772219,0.332932266,0.331598537,0.336240471,0.34301368,0.335061287,0.337996406,0.339112188,0.335917496,0.3362142,0.323886538,0.335277882,0.314059376,0.353761708,0.370251994,,0.376204438,0.301553985,0.317024904,0.349517366,0.358163856,0.332146131,0.326563114,0.322445885,0.318581108,0.3352689,0.324173265,0.370049388,0.331887817,0.332945707,0.346499345,0.325254911,,0.342279133,0.344745074,,0.332724967,,0.336139472,0.339538359,0.341171263,0.343334599,,0.343543807,0.340628109,0.320975204,0.331286479,0.336227578,0.314071748,,,0.332419382,0.333538714,0.335538814,,,,0.323451789,0.327568943,0.340544169,0.324210746,0.334263109,0.336889059,0.33204902,0.333144928
73,0.325670652,0.334481664,0.336156622,0.343525661,0.338691065,0.343889748,0.346822328,0.346204978,0.343982761,0.344918546,0.359708239,0.353675784,0.324876718,0.332415012,0.35414852,0.341250008,0.346500545,0.326890268,0.326358015,0.336987759,0.330948893,0.33062766,0.324976422,0.331847907,0.332464779,0.336330777,0.34361348,0.335934476,0.338643554,0.336301245,0.334903577,0.33998301,0.324024317,0.336225115,0.317487299,0.351486177,0.368204828,,0.357311666,0.301075416,0.315073505,0.348119336,0.35483637,0.330445664,0.325765606,0.317095738,0.312813416,0.331995887,0.319777877,0.36847954,0.331505462,0.332375961,0.34458832,0.326670532,,0.345684157,0.34159672,0.332687724,0.324192984,0.339717498,0.340367547,,0.339981088,0.3434752,0.314599768,,0.340158181,,,0.335436252,0.313850906,,0.342769846,0.337903723,0.331974134,0.33719439,,,,0.322942331,0.326170542,0.337432404,0.323561007,0.334236372,0.334157115,0.331647269,0.331300506
74,0.32063305,0.339994905,0.338915315,0.347958671,0.338574175,0.368175223,0.350677862,0.346089889,0.344753068,0.344320659,0.357790999,0.354344337,0.321824475,0.331105314,0.353998394,0.34022229,0.365091047,0.322930156,0.316842634,0.328016624,0.331782129,0.328747566,0.322188161,0.338219726,,0.336197491,,,,0.337605022,0.335039793,0.338514418,0.322902959,0.335683594,0.31416118,0.355599776,0.361364867,,0.3698442,0.299563341,0.316581804,0.347763924,0.351754493,0.330729629,0.325165709,0.320337084,0.315516114,0.333579047,0.323376003,0.366855285,0.332178315,0.331939384,0.345546721,0.316889883,,0.345752221,0.328517221,0.332466699,0.325857697,0.335687361,0.339081069,0.339377346,0.340025285,,,0.342598883,0.339540801,0.321613239,,,0.314400284,0.31334154,0.342238686,0.33417964,0.33164646,0.327411033,,,,0.323795848,0.328508229,0.336111545,0.320208985,0.334366555,0.334808174,0.331693306,0.331613772
75,0.323490491,0.33091467,0.338500259,0.345621948,0.339160314,0.344525934,0.349949393,0.345295394,0.343842779,0.344529521,0.359707867,0.356401834,0.325063696,0.332408144,0.357926647,0.338981446,0.37062935,0.32660221,0.317794557,0.336334473,0.330790586,0.329111813,0.327811922,0.335236603,0.330880804,0.33515078,0.342239311,0.337607726,0.339113709,0.33986176,0.335093157,,,0.334441488,0.311056325,0.35226897,0.368746981,0.300592148,0.376876393,0.301035835,0.31675184,0.349065441,0.353497799,0.332774784,0.326319167,0.322927642,0.317758901,0.334411692,0.323429127,0.370270594,0.331388692,0.329211346,0.345472657,0.317499454,,0.345342791,0.331242421,0.335254296,,0.337554827,0.338251832,,0.341038311,0.343004664,0.31272645,0.343623505,0.339598007,0.320396199,0.330969901,0.336253779,0.315019738,,0.340876939,0.336629359,0.329435339,0.338312291,,,,0.321944471,0.326668487,0.338132483,0.320606541,0.335402637,0.334907849,0.32976815,0.329870832
76,0.322124214,0.334195073,0.343974414,0.346586863,0.339581085,0.342082154,0.350445762,0.346282126,0.343464462,0.345322557,0.357345911,0.354720975,0.32544951,0.330437109,0.354037137,0.338176738,0.374531152,0.326585079,0.319267796,0.33387455,0.331973332,0.329493729,0.326860954,,0.334386018,0.335260019,0.34227991,0.335802275,0.339582355,0.337077409,0.3351812,,,0.334220663,0.309347071,0.350194473,0.364621822,,0.382873133,0.300206235,0.31854973,0.347639047,0.354279758,0.328919522,0.326423438,0.321603656,0.30763461,0.330663254,0.318515917,0.370167664,0.333416979,0.329359432,0.34510914,0.318979841,,0.345694027,0.338887887,0.332992298,0.328782838,0.338149953,0.335946099,0.338960296,0.340518675,0.342910242,0.317026563,,0.341322276,,0.331018093,,0.314529657,,0.343430424,0.335137515,0.329293075,0.332587741,,,,0.323580734,0.327687044,0.342280236,0.32237249,0.337595623,0.334413341,0.32958471,0.330933357
77,0.323884565,0.330261639,0.344065382,0.347953093,0.33999613,0.339061951,0.345786172,0.345135149,0.341378145,0.344178857,0.357529773,0.355395656,0.324540398,0.334297242,0.35701806,0.337082096,0.369474709,0.327057919,0.315405876,0.337396223,0.331287957,0.333583954,0.328042748,0.332339364,0.327531803,0.335727571,0.342212171,0.336596583,0.338258169,0.338667735,0.335321092,0.335065656,0.324328728,0.333695915,0.316161727,0.35280937,0.366669118,,0.377429439,0.295972397,0.316765438,0.348394009,0.355292167,0.329766192,0.325260462,0.32252074,0.317463009,0.333522594,0.320792771,0.368522062,0.332396072,0.329264607,0.337665088,0.31767561,,0.344368873,0.334330773,0.332969715,0.341332445,,0.338647776,0.340808084,0.340225076,0.342571368,,,0.339826242,0.320799843,0.331819996,,0.31401513,,0.344266429,0.335674913,0.329389647,0.337046021,,,,0.325702809,0.330329618,0.340800895,0.319882313,0.334935554,0.334719045,0.329796408,0.330583131
78,0.323092523,0.330128546,0.336980667,0.347202391,0.339886155,0.338773432,0.350219865,0.345821929,0.346192373,0.345312093,0.359111736,0.354043132,0.322298474,0.333456746,0.355463974,0.33834774,0.3709985,0.331980503,0.3291709,0.338309565,0.331207884,0.336453063,0.330304636,0.333562587,0.328436932,0.336310179,0.342169403,0.338043415,0.336221259,0.3396345,0.336058718,0.335380022,0.322436106,0.334073352,,0.352894874,0.367880364,,0.379133177,0.298051226,0.31392206,0.349103089,0.355034926,0.329277597,0.326242041,0.322020016,0.317793298,0.334950935,0.315280048,0.368715367,0.332392117,0.328605397,0.339232498,0.328107478,,0.342879375,0.345131425,,0.336996012,0.336597519,0.340540257,,,,0.31802022,,0.341407,0.31981046,,,0.314165723,0.313624524,,0.334500021,0.328523917,0.33815762,,,,0.320777003,0.325295262,0.337626152,0.328269566,0.33570155,0.336166504,0.328911513,0.331144901
79,0.322669899,0.332699539,0.338173333,0.344762261,0.340328255,0.343129653,0.349597206,0.346941969,0.343153744,0.344409729,0.359119313,0.353683148,0.328195969,0.332242518,0.354458695,0.340923976,0.366702242,,,0.338718778,0.331578336,0.329530193,0.326015021,0.331666787,0.331266255,0.335923243,0.343028732,0.334246602,0.339636244,0.340249883,0.335701149,0.33941602,0.323766508,0.335164608,0.313096696,0.351517856,0.371780108,0.30105098,0.371026931,0.297954689,0.317973493,0.348486097,0.35647026,0.32957527,0.32579964,0.322070674,0.317514699,0.335526902,0.323729059,0.369254923,0.332827287,0.326447416,0.340273211,0.316458893,,0.34344424,0.341903027,0.332445304,0.331035029,0.33812661,0.338039316,0.340958115,0.339816862,,0.315148491,0.343705013,0.340855812,0.321008732,0.33069565,0.334712248,,0.31353272,0.341188147,0.332415563,0.32650896,0.338341455,,,,0.325389122,0.330138184,0.336162059,0.314645797,0.335730768,0.336385321,0.32795899,0.330807474
80,0.324074188,0.332561943,0.342326007,0.343853752,0.33963737,0.340682214,0.35175959,0.345824134,0.345640016,0.345767816,0.35671913,0.352792095,0.324237482,0.331273706,0.352505844,0.341237718,0.36833614,0.324093062,0.318705433,0.336839382,0.331754789,0.328803754,0.325133003,0.334389072,0.332014518,0.338501834,0.343033611,0.336468781,0.340023931,0.341375205,0.335322538,0.338661679,0.322421912,0.334787021,,0.353098159,0.369727325,0.294182936,0.374417514,0.292821556,0.31284246,0.348188498,0.356014497,0.33195756,0.317089473,0.316149693,0.313667871,0.330356754,0.318769867,0.371489976,0.332415291,0.328238962,0.346100493,0.31816701,,0.346158214,0.326989296,0.334123765,0.329791261,0.33861176,0.340502679,,0.340126469,0.342154455,0.315028327,0.343451712,0.340974347,0.319551229,0.331515009,0.335749761,0.313544953,0.313504021,0.343337663,0.336032548,0.328313133,0.33503801,,,,0.324008648,0.328754305,0.33568489,0.321142805,0.336439892,0.334812974,0.328866869,0.331891501
81,0.324248286,0.330904385,0.345151804,0.348584336,0.340702486,0.341221562,0.350655923,0.345529566,0.345434823,0.345131105,0.358693489,0.354013127,0.325905909,0.330615008,0.355630038,0.33652935,0.371030456,0.326384847,0.32005323,0.338636931,0.331239331,0.332938879,0.327558175,0.333080664,,0.335912796,0.342070975,0.337277095,0.338121908,0.340470766,0.33543145,0.338173247,0.322650388,0.333900591,0.30642827,0.352612024,0.364223907,0.300252121,0.378431495,0.297675633,0.315965067,0.348399201,0.354425899,0.332321828,0.324790018,0.321395893,0.314867641,0.330622179,0.321509471,0.369209148,0.332616515,0.32828684,0.340588943,0.322288287,,0.345184026,0.342430697,0.334178534,0.327233528,0.336415801,0.337670081,0.34067079,0.340580925,0.342957205,0.316414052,0.344331824,0.34028939,,,0.33700646,,,0.344161137,0.335865692,0.328312785,0.33841678,,,,0.324237804,0.328346867,0.343400708,0.32271363,0.336327863,0.335415529,0.328911219,0.332478809
82,0.32755936,0.331304336,0.337654114,0.347053491,0.339942755,0.346162319,0.350154835,0.344527152,0.345600035,0.34332305,0.356230875,0.35349427,0.326822064,0.330953864,0.355689324,0.338645691,0.370962406,0.326302928,0.319398848,0.335560598,0.329590749,0.336013533,0.326798893,0.331695455,0.328395628,0.335798251,0.344787762,0.336696762,0.339939988,0.33853929,0.335469675,0.335427774,0.324578697,0.333683752,0.308203848,0.352951533,0.367031048,0.300585208,0.379526656,0.297211936,0.314420714,0.348940543,0.354882301,0.332495921,0.324989041,0.321834852,0.316820964,0.33366286,0.321217825,0.368675248,0.33276464,0.327685797,0.338247921,0.318693352,0.312222568,0.348121168,0.327264861,,,0.334285012,0.339623053,0.340424554,0.338556446,,0.317542258,,0.339661668,,,0.336844169,0.313746953,0.314088635,,,0.327909256,0.335600172,,,,0.327311508,0.331578532,0.343799255,0.319447092,0.336706949,0.333441575,0.328675165,0.329506752
83,0.322814847,0.332688078,0.33924106,0.348409502,0.335055242,0.340204761,0.349910628,0.346014985,0.343877,0.345394304,0.356659958,0.356126522,0.323292625,0.331348594,0.357246551,0.338749413,0.373514436,0.32766655,0.31781877,0.336411401,0.330765022,0.334154809,0.325612248,0.332116527,0.329408215,0.338081464,0.343508336,,0.338107421,0.333856495,0.334367168,0.337981232,0.323871823,0.334760753,,0.353849472,0.370607579,0.29209359,0.380483989,0.299451404,0.316635184,0.349936828,0.356974674,0.331051856,0.326950974,0.321561315,0.318246599,0.334328312,0.318796125,0.371039003,0.330508545,0.328178934,0.335290387,0.321664839,0.313944846,0.347380545,0.335676321,0.333907,0.331545728,,0.33881664,0.341289171,0.340252574,0.342021741,0.317276114,0.342929873,0.338790128,,0.331298965,0.333433659,0.313453613,0.313882695,0.342587071,0.333340966,0.327925497,0.333244986,,,,0.323322635,0.328032519,0.336121505,0.319613508,0.336818667,0.33415888,0.328296082,0.330519893
84,0.322362299,0.332999325,0.33739099,0.348149697,0.341413204,0.343319864,0.350314213,0.346326564,0.344144789,0.343799179,0.357511696,0.356033558,0.326314515,0.336690193,0.357643558,0.339271141,0.374247003,0.326571039,0.315871305,0.3381422,0.331536803,0.332715662,0.327873899,0.333199529,0.329947895,0.33703646,0.342547271,0.33600359,0.338421859,0.333983269,0.33534879,0.335171659,0.324429501,0.334398782,0.320073026,0.354026676,0.372101847,0.299783901,0.381308505,0.299671287,0.316568986,0.350146494,0.357492256,0.33120441,0.326048957,0.32003534,0.303257161,0.329683652,0.317987562,0.370667906,0.33210515,0.322415985,0.340162603,0.3213368,0.3146589,0.344715159,0.3388426,0.332571311,0.329608941,0.336140697,0.339719026,,,0.342724967,0.319899609,,0.340323849,0.321502083,0.330230357,0.337694017,0.313216363,0.313842815,0.342544086,0.334439946,0.323180955,0.338426472,,,,0.329140699,0.332831508,0.336971219,0.323165672,0.335998382,0.335560505,0.324788039,0.329855693
85,0.322125271,0.336804007,0.34357898,0.347778082,0.341143254,0.351963815,0.348725792,0.346899879,0.344187286,0.344566077,0.358207796,0.354317685,0.322865713,0.331193482,0.354735624,0.337504351,0.369889368,0.328082196,0.316318598,0.337895091,0.332608574,0.330963834,0.331796113,0.332647587,0.33201817,0.3393218,0.342687906,0.336092757,0.340532973,0.336443842,0.335215198,0.336528469,0.32371916,0.33396338,0.313941099,0.351843975,0.367390084,0.305494099,0.375286977,0.306124332,0.314438992,0.348286556,0.357311456,0.33097677,0.327550168,0.314429884,0.315471761,0.33286524,0.319592681,0.369669691,0.333125104,0.327531766,0.346112269,0.317862854,0.31390994,0.343671568,0.335186979,0.333403589,0.326237747,0.335927597,0.338080497,,0.3398924,0.342119815,,0.345680455,0.339585437,0.320841865,,0.337850423,,0.314037752,0.343103053,0.334509338,0.38491216,0.333147602,,,,0.323645986,0.327921984,0.335809473,0.317471859,0.333571945,0.335575373,0.327682492,0.330401213
86,0.323144025,0.333903025,0.343798563,0.34849379,0.341010508,0.350758557,0.351385656,0.348230807,0.344901344,0.345204921,0.356161532,0.35591242,0.324167183,0.331697052,0.356076683,0.337762851,0.365556652,0.331933035,0.325381766,0.339127819,0.331605564,0.329719634,0.335083572,0.333773192,0.331185431,0.338106197,0.342584488,0.336008786,0.340215875,0.340374109,0.335445933,0.336908832,0.323960211,0.334353557,0.317683779,0.351077633,0.365879103,,0.37078875,0.29771332,0.31788427,0.347606988,0.356852555,0.327995594,0.325653266,0.320667487,0.313590264,0.328804943,,0.368130362,0.333044574,0.326821834,0.343799063,0.327130762,0.308954234,0.343533997,0.338306558,0.332946024,,0.33647467,0.335203334,0.341732326,0.340341188,0.34203054,0.317468911,0.344700285,0.339623056,0.321482223,,0.338981689,,0.313303988,0.343265479,,0.326700253,0.338847413,,,,0.32432219,0.328438018,0.340698855,0.323536599,0.336305406,0.335385133,0.32751174,0.330970457
87,0.32013434,0.335822287,0.344726169,0.354238638,0.342130766,0.353521891,0.346878855,0.345996956,0.345391455,0.345558873,0.357436427,0.353770795,0.328399816,0.330116985,0.353504787,0.338693384,0.361649972,0.322099723,0.318783633,0.338566994,0.33152951,0.328978437,0.321790778,0.335401396,0.33031218,0.335527693,0.341633132,0.335160721,0.340367445,0.341711528,0.33544206,0.337314311,0.320983517,0.334165682,,0.352302274,0.367505093,,0.364519981,0.291407007,0.312086385,0.345815553,0.35452842,0.33015855,0.326471723,0.321217379,0.316606955,0.333132385,0.320916447,0.367847985,0.33179959,0.326984091,0.345086865,0.318843438,0.306786745,0.344308314,0.325092588,0.332637189,,0.338062886,0.338443102,0.341922607,0.340047415,0.342159608,0.316609257,,0.341580516,,0.330587484,0.336867374,0.312797904,0.313434592,,,0.328327686,0.336082371,,,,0.327514523,0.331610725,0.338203001,0.320473073,0.33534147,0.3366918,0.327618951,0.329762169
88,0.323611552,0.331566457,0.338661521,0.348320157,0.341680631,0.340297609,0.350843208,,,0.345220065,0.357715584,0.355408602,0.3274551,0.330826006,0.356844825,0.338159603,0.370945062,0.324643962,0.317933471,0.338588844,0.33298426,0.33654623,0.323757679,0.337077849,0.329492304,0.336481388,0.341816616,0.33551502,0.339099839,0.340453668,0.335733058,0.337675945,0.321529153,0.334467302,0.317852782,0.353439115,0.370963798,,0.378102664,0.298871993,0.316525508,0.348187343,0.356924567,0.330947226,0.326861692,0.321247339,0.315013781,0.33293347,0.325885769,0.368349438,0.333692463,,,0.31777808,0.312277703,0.344032412,0.322508349,0.336047465,0.32965404,0.335835325,0.339629482,0.34159094,0.340719013,,0.317976609,0.34354532,0.340548752,0.320356219,0.329757212,0.339167408,0.31312616,,0.343153535,0.333728885,0.324165369,0.336892839,,,,0.328585993,0.332557231,0.34427813,0.320808074,0.33420887,0.336807509,0.32363432,0.331711795
89,0.321356427,0.340679793,0.344494913,0.349714169,0.341444648,0.340741341,0.354025541,,0.343931267,0.346010702,0.357531665,0.357288444,0.328747915,0.329300985,0.358489919,0.339287695,0.363479712,0.323554296,0.317191844,0.339366961,0.332151009,0.330517292,0.325055403,0.336490605,0.329903174,0.339521581,0.341899478,0.3342969,0.341028591,0.341388443,0.335745896,0.336898867,0.324288916,0.33460424,0.320980267,0.352022897,0.365526464,,0.367751773,0.299670047,0.317231135,0.346787304,0.354904174,0.331755822,0.327454338,0.321938767,0.31314122,0.33239788,0.320942771,0.364285357,0.333752599,0.327325499,0.34718679,0.314780026,0.30647888,0.343121165,0.330082882,,,0.339620283,0.337680513,0.341938169,0.338521037,0.342269523,0.316282685,0.344075733,0.340057616,,0.328449884,0.33705115,0.314041515,0.313331984,0.340835371,,0.326538407,0.339056525,0.346369712,0.317276638,,0.326879614,0.331111276,0.339217573,0.319255723,0.335953192,0.335286235,0.327286715,0.330435774
90,0.321030333,0.331462981,0.336214073,0.351958561,0.341936171,0.353070201,0.351272745,,0.344301108,0.344990679,,0.35771215,0.323214189,0.328638083,0.359180946,0.340905391,0.37011247,0.327526788,0.319339443,0.340037259,0.33220566,0.336081665,0.326190442,0.337624655,,0.336387675,0.342562117,0.33459917,0.341392812,0.339521515,0.335772733,0.337129043,0.322409881,0.334798874,0.323581566,0.353017637,0.368279356,0.301545532,0.37614022,0.296653385,0.316885025,0.349857544,0.353843974,0.332492357,0.327666943,0.319868184,0.312104745,0.331802852,0.31737391,0.368419544,0.334155113,0.32348635,0.338607003,0.317798456,0.312633969,0.346181779,0.322295505,0.331027658,,0.338159439,0.33868446,0.342244464,0.341003698,,0.316035962,0.344834321,0.340627415,0.320947777,0.328040121,0.335960794,0.313945658,0.313541688,0.342281708,,0.324526647,0.339466522,0.344205233,0.317057557,0.338455908,0.319754171,0.324643951,0.341938879,0.321612435,0.335188893,0.335044443,0.325327908,0.329656365
91,0.324310056,0.33112366,0.337229617,0.356237919,0.342431649,0.340210446,0.347216979,,0.345187543,0.345279081,0.356973064,0.356757364,0.330171933,0.330385859,0.358182574,0.342106354,0.37256252,0.325824308,0.318354584,0.340326601,0.332145731,0.334142348,0.325851187,0.338407148,,0.336446127,0.342021028,0.334609346,0.342885644,0.338938425,0.335766327,0.335032385,0.32199977,0.333407396,0.319080332,0.353139371,0.370697658,0.296041714,0.380044461,0.299552734,0.317408766,,0.356770161,0.332912743,0.327686982,0.320840375,0.317497982,0.333780602,0.322532833,0.368972576,0.334597713,0.325247241,0.338275076,0.317884987,0.312445955,0.343090022,0.324653093,0.333695564,0.332361573,0.336560745,0.338421919,0.343398441,,0.342546618,0.316541575,0.345063249,0.340179114,0.321295196,0.331530482,0.335442513,0.313287353,,0.341871384,0.337212744,0.324320647,0.339787464,,0.31965848,0.338183484,0.329697899,0.333717578,0.338952971,0.321109021,0.336002519,0.333233252,0.325807057,0.330060593
92,0.330056971,0.334065675,0.340153929,0.356747599,0.341838885,0.349774768,0.351646728,0.347708705,0.344239409,0.347107428,0.357304998,0.357688326,0.326476454,0.333565732,0.358752442,0.33862805,0.372916408,0.329913295,0.318770206,0.33796605,0.331213653,0.330436544,0.33049057,0.333627121,0.331190917,0.340470169,0.341455324,0.335028013,0.343710237,0.337750873,0.336343574,0.334710437,0.322600646,0.333299767,0.324475277,0.35183977,0.370303034,0.303189373,0.379233029,0.302011834,0.318110917,0.350170165,0.356193873,0.331149395,0.328980232,0.314240194,0.312800099,0.334256344,0.317462914,0.369922697,0.334356241,0.324256188,0.344496322,0.319481252,0.310088083,0.345011025,0.325951215,0.331500137,0.329650832,0.336229662,0.33771086,0.344946318,0.341909489,0.343444229,0.319159578,,0.340535988,0.324205312,0.332111763,0.336917317,0.314336799,0.312585849,0.340021492,,0.324140264,0.336893642,0.343374811,0.316974835,,0.325629095,0.329503532,0.340908684,0.321000521,0.33550835,0.332212668,0.325307599,
93,0.328528822,0.333125752,0.337044817,0.351357096,0.342432569,0.35595665,0.350327841,0.346370116,0.3459472,0.345593417,0.360300347,0.358710523,0.329097259,0.329436089,0.360109619,0.339522745,0.369483425,0.329461385,0.313063958,0.339733748,0.333001682,0.333628126,0.326830885,0.331798696,0.330966383,0.3370801,0.341501159,,0.342472641,0.3392862,0.335648935,0.33814882,0.325752816,0.333762304,0.320854914,0.353852264,0.376916,0.296933117,0.374812832,0.301714276,0.316871341,0.348621351,0.35897832,0.331890658,0.329693818,0.320575857,0.314283686,0.333387031,,0.368126933,0.334201061,0.326230052,0.335017492,0.314204365,0.311485756,0.343762202,0.329177259,0.332561333,0.330074315,0.33884765,0.339904171,0.342000686,0.340324423,0.341805732,,0.345344641,0.342012065,0.324865164,0.330880125,0.339412064,,0.313692039,,0.333779502,0.325888539,0.339502594,0.345146705,,0.3407333,0.328052914,0.33179797,0.348684965,0.319151476,0.335209155,0.335189866,0.326205132,0.331213306
94,0.323554676,0.328947203,0.336692815,0.351380896,0.342343556,0.366256879,0.350182862,0.346045885,0.346777904,0.34558889,0.357797249,0.357242821,0.330555258,0.328461301,0.359053417,0.339004376,0.368052777,0.3244413,0.317762765,0.339589462,0.33223345,0.32992724,0.323899457,0.334242573,0.329622393,0.336361187,0.341118381,,0.342789436,0.339241798,0.335472307,0.336821964,0.321215256,0.335106738,0.317112465,0.351922519,0.370652612,0.303212631,0.374023633,0.296212956,0.315990274,0.347234191,0.35850855,0.332414176,0.325170383,0.320230829,0.314131487,0.33210394,,0.369952674,0.334866211,0.324366227,0.337721737,0.317725309,0.310090374,0.346142725,0.324646013,,0.33133638,0.339149423,0.339457346,0.342763864,0.340694294,0.342138086,0.320706556,0.344872462,0.340528673,0.332328703,,0.337182843,0.313283552,0.313560126,0.343203499,0.337237917,0.324146833,0.337344646,0.346143821,,,0.330907836,0.334021945,0.35183213,0.320482098,0.338273793,0.33446984,0.324123471,0.329100644
95,0.327666161,0.331712596,0.34034291,0.350906308,0.342160141,0.355356002,0.350970671,0.346010424,0.345465453,0.347283775,0.359186293,0.356527938,0.324364846,0.329344051,0.358135413,0.338928372,0.36826577,0.328630614,0.315454246,0.338044428,0.332102762,0.328736762,0.329081853,0.332565198,0.329282147,0.338712945,0.342478379,,0.343312097,0.338871908,,0.336401786,0.324830333,0.334380033,0.323837818,0.352954782,0.367843725,0.306205741,0.373795152,0.294356414,0.3159568,0.347737406,0.357858726,0.331827043,0.325662548,0.319719795,0.315656117,0.333943346,,0.36949669,0.334168051,0.324374122,0.335346378,0.315754167,0.307827081,0.345929606,0.326834263,0.331904303,0.332078098,0.33999792,0.334948061,,,,,0.34507538,0.339851328,0.323957594,0.330599221,0.336754382,0.313023865,,0.342221223,0.335268505,0.324260675,0.336313747,0.346506587,,0.34105754,0.324187586,0.328597947,0.346555304,0.318573298,0.338452069,0.33563941,0.325111453,0.329288296
96,0.33251878,0.338015863,0.340711993,0.352270843,0.342341751,0.361715857,0.348256575,0.342110808,0.344610495,0.344769961,0.357388101,0.357098212,0.329305705,0.324427338,0.359390747,0.339867176,0.371174238,0.325047487,0.314821471,0.337394234,0.332001753,0.330205892,0.326204885,0.332603474,0.331148821,0.336664472,0.341661703,,0.342919876,0.340367164,0.33535081,0.33692405,0.322081326,0.333058369,0.329506159,0.354318572,0.36801757,0.310221296,0.376891134,0.301264185,0.315612661,0.348405207,0.356862589,0.331826937,0.323902754,0.320439416,0.313011639,0.33265325,,0.369541188,0.333436948,0.324479704,0.345004754,0.318630354,0.30739895,0.345230785,0.321298257,,0.332234482,,0.336818857,0.342280661,0.340357541,,0.320027611,,,0.322120483,,0.333948711,0.30637445,0.313228315,0.341700061,0.333192957,0.324440798,0.336764904,0.344851325,0.317137219,0.341304009,0.328047663,0.332051974,0.345160527,0.31702817,0.338037442,0.334900725,0.32528443,0.330296886
97,0.341056413,0.333600743,0.337745117,0.355361808,0.341941281,0.341967886,0.353293844,0.345121904,0.344397146,0.347611351,0.3577392,0.355447334,0.32854851,0.325799054,0.3558518,0.339132901,0.365058756,0.33451203,0.314481902,0.339288253,0.331817397,0.330352258,0.332203122,0.330630231,0.328737145,0.336617415,0.34176208,0.333059262,0.343335776,0.337987382,0.335284177,0.335534838,,0.334825819,0.32324218,0.353495623,0.365778317,0.300436897,0.369988518,0.303056058,0.318303632,0.345577704,0.354758481,0.333349563,0.325601659,0.320659179,0.312396079,0.333519084,0.319907662,0.368496359,0.333638759,0.32436152,0.33488125,0.312225555,0.307774202,0.34474422,0.328565451,0.334104344,0.333791558,0.340885275,0.33512792,,,0.342338817,,0.343469425,0.342423347,0.322493784,,0.333586396,0.307841197,0.31312706,,0.333954083,0.324947908,0.338862205,0.342801333,,,0.3289542,0.333001572,0.348037095,0.311976728,0.336775347,0.333234518,0.325377976,0.331515979
98,0.335912905,0.333387018,0.336475435,0.351368133,0.343050709,0.359957216,0.34932337,0.347942538,0.345827513,0.345001316,0.356972394,0.353980082,0.324981648,0.326535108,0.355172948,0.337787642,0.366087979,0.332451061,0.318292389,0.339406779,0.331842841,0.330166021,0.32914329,0.332326727,0.332185045,0.338107196,0.343777059,0.33472277,0.341462982,0.334143205,0.335296238,0.336659447,,0.333838184,0.33603011,0.351671612,0.372923143,0.301384642,0.37091686,0.303387506,0.317402721,0.345984971,0.359090679,0.335054641,0.32726112,0.306308992,0.314583844,0.333351162,0.322270768,0.369692494,0.334469382,0.323645001,0.340042667,0.320058819,0.307007037,0.347577191,,0.332421495,0.331520977,0.336716016,0.334919592,,0.341534146,,0.321310409,,0.340267286,0.321504672,0.333235273,0.335410894,0.308472554,0.312207024,0.342412895,,0.323421709,0.339375589,0.343850209,0.316964412,,0.32458126,0.329127669,0.355616238,0.323501898,0.336542568,0.334490445,0.324057634,0.329948118
99,0.337989466,0.333307266,0.337624519,0.351733885,0.342681372,0.354540301,0.355802031,0.346653063,0.344441636,0.346323197,0.36038682,0.356990998,0.328790178,0.327415731,0.357746621,0.337853782,0.361691824,0.336379033,0.318131259,0.339501683,0.332454771,0.32928724,0.333752499,0.334259211,0.331841679,0.338918481,0.341913269,0.334908317,0.343257816,0.339195344,0.336446006,0.338816802,,0.334618372,0.3277467,0.351559516,0.365148233,0.303679666,0.365422022,0.297377814,0.316539395,0.345455602,0.353214073,0.33419568,0.326233014,0.310403959,0.310260528,0.330259566,0.315275181,0.370293197,0.334516358,0.324431649,0.346749877,0.315752347,0.306945976,0.346296776,0.324903679,,,,0.334605494,0.339382841,0.342339063,0.344885104,0.321639341,,0.340222819,0.322597579,,0.335918449,0.31126731,0.315652951,0.34310502,0.337261421,0.324798821,0.339065337,0.343776244,,,0.32782411,0.332016007,0.35622374,0.319609014,0.338240546,0.332449708,0.325336911,0.330501702
100,0.334884882,0.338072202,,0.351666957,0.341687887,0.36407841,0.347476939,0.3475394,0.345727876,0.346447523,0.358515348,0.355988846,0.333543024,0.327801587,0.356707258,0.337137828,0.359227227,0.331371179,0.320088335,0.340219743,0.332562229,0.329267059,0.330441403,0.333186125,0.333349736,0.337445531,0.341149712,0.331957036,0.343743055,0.339146465,0.334978103,0.337451374,,0.33418657,0.333400477,0.355871597,0.367033994,0.305556642,0.360557215,0.30632689,0.309010253,0.346041228,0.354398282,0.33520387,0.329243562,0.319432482,0.309181208,0.331030349,0.320704466,0.369214664,0.33433949,0.323540274,0.349853954,0.320380825,0.307422713,0.344956482,0.326002633,0.334765073,,,0.337259065,0.344638409,0.340278365,0.343537444,,0.346696472,0.342532948,0.327318787,0.332866744,0.339748623,0.3115913,0.313717684,0.343949394,,0.323484876,0.339814935,,0.318587894,0.349873427,0.333779408,0.336926183,0.358185689,0.318530293,0.336770018,0.33420167,0.324779192,0.329815482
101,0.337595633,0.330495368,0.341613202,0.354591986,0.341686629,0.359286677,0.351468624,0.345860525,0.347061447,0.345387529,0.358835411,0.358240901,0.331935972,0.331144516,0.360453814,0.341674002,0.373960211,0.32772027,0.316809214,0.33894178,0.332909784,0.329505177,0.327754267,0.33771213,0.330493031,0.340202704,0.341844213,0.332584335,0.343824087,0.339452049,0.335181032,,,0.333541806,0.33767578,0.353735012,0.368767647,0.307058964,0.381595645,0.299563138,0.315693345,0.343954184,0.354145385,0.336240903,0.328696662,0.319150742,0.316175823,0.33433268,0.318240976,0.36995844,0.336428296,0.324178665,0.339571668,0.31640943,0.307046876,0.346147582,0.330274018,,0.325910181,0.339010339,0.337195386,0.344985239,0.339175521,0.342411067,0.323894718,0.346205454,,0.328470461,,0.341677148,0.313965058,0.313275492,0.344156494,0.336398547,0.324322304,0.337918678,0.346132997,0.318775559,0.349933365,0.329854993,0.334343416,0.355822884,0.32023866,0.335808502,0.335033701,0.325324967,0.329790588
102,0.340055412,0.332150968,0.339548951,0.357512094,0.342238458,0.344572883,0.349594197,0.346103691,0.346372019,0.34834395,0.36332929,0.357971093,0.328728669,0.328130554,0.360539848,0.33866358,0.375161554,0.331067268,0.320155617,0.339538002,0.333717381,0.334081485,0.330958864,0.335438452,0.330749315,0.341994496,0.342172816,0.33339841,0.344216699,0.340249798,0.335462484,0.336909993,0.322431625,0.333896084,,0.353803939,0.374018639,0.307345623,0.382943103,0.303587509,0.31308034,0.343106432,0.359099853,0.336405839,0.328720943,0.320083017,0.319460683,0.337369051,0.320520698,0.369621987,0.336201708,0.325047859,0.338868706,0.319910657,0.309260234,0.343826135,0.330250576,0.334279087,,0.340162147,0.335392456,,,,0.324242013,0.347968042,0.342503743,,0.335018399,0.342245221,0.314833724,0.313740547,0.343994967,0.333027182,0.324921892,0.336300623,,0.318847047,0.349775911,0.329389105,0.332675523,0.349290679,0.322019427,0.33639675,0.335649225,0.325627612,0.330193491
103,0.342628926,0.333488075,0.346044033,0.354222904,0.341808281,0.341009708,0.346737331,0.345402647,0.346956416,0.344807891,0.359865543,0.358670735,0.329680608,0.329990865,0.361432088,0.340106705,0.376599811,0.328045951,0.319414582,0.340962374,0.333266869,0.333934592,0.329223017,0.334059088,0.330696073,0.343898223,0.341802691,0.333047146,0.343231956,0.341083461,0.335328451,0.338704441,0.322426108,0.333476927,0.35015771,0.353765779,0.374168759,0.306613216,0.383648028,0.304600357,0.303183178,0.343609396,0.360103454,0.336934433,,0.320604774,0.309223664,0.329989361,0.309386818,0.371159063,0.334927246,0.324948384,0.341071551,0.319120058,0.307561605,0.343891685,0.335977217,0.3337044,,,0.337519691,0.34412687,,0.342171135,,0.347136445,,0.331514915,,0.343268146,,0.313555836,,0.335378463,0.324619729,0.340293963,,,0.351416778,0.328764893,0.332868537,0.356429752,0.319092728,0.335930074,0.334626872,0.325428567,0.330037815
104,0.342315438,0.335229562,0.344094154,0.363333373,0.342292327,0.36165846,0.355756837,0.34799369,0.348834884,0.346851022,0.35991227,0.359920793,0.330859106,0.332414447,0.362368293,0.339579178,0.374359163,0.328486672,0.32421577,0.339438696,0.334630474,0.330016967,0.327313224,0.333193022,0.332483126,0.344930055,0.341483665,0.331416757,0.343883056,0.338322122,0.33530092,0.337744077,0.323543984,0.333766866,,0.35362029,0.373928453,0.303912566,0.380409639,0.303806432,0.302395273,0.343927889,0.360621793,0.339399858,0.330358145,0.319540908,0.319255246,,0.318354725,0.367658492,0.336044109,0.325026889,0.336072654,0.32520307,0.311544652,0.347765398,0.336705784,0.333755851,0.331311488,0.341119932,0.340105243,,,0.344179093,,0.347876742,0.342157146,,,0.343184595,0.314008589,0.313877147,0.34315803,,0.324981821,0.340249511,0.344793469,,0.352699064,0.331811149,0.335384068,0.360824122,0.325857097,0.339286917,0.332844165,0.325914442,0.329017043
105,0.34262655,0.332447284,0.343912789,0.358385851,0.335531338,0.343277992,0.348018195,0.342116688,0.348090104,0.344274583,0.362506194,0.357191203,0.326699368,0.332711012,0.360851607,0.339447981,0.377919127,0.336476887,0.327142412,0.340512003,0.333346203,0.335890484,0.336436849,0.333719985,0.331010981,0.346896206,0.345163289,0.33542638,0.341046646,0.333595568,0.33604544,0.337799846,0.320845889,0.335061738,,0.352546499,0.372103274,0.306152427,0.385480597,0.305715519,0.309008121,0.345711087,0.360073795,0.34086993,0.331311592,,0.321226148,,0.318005818,0.369786361,0.335110421,0.32524685,0.336351634,0.326276103,0.310313334,0.344210154,0.336952342,,,0.341687353,0.335245103,0.346345234,,,,,,0.331725524,,0.344518178,0.315223371,0.313683776,0.344742062,,0.325190176,0.339261352,0.346504201,0.319707913,0.353115522,0.328237,0.332791885,0.365755155,0.326634272,0.338117891,0.331978506,0.326336714,0.329380025
106,0.345466994,0.334435005,0.338525913,0.356299505,0.342304183,0.340743824,0.346066197,0.345757177,0.346136803,0.348025323,0.364292858,0.358280857,0.332283408,0.332030238,0.360538986,0.340373329,0.379205932,0.32790459,0.319171776,0.339720364,0.3332876,0.332989643,0.326923275,0.333436193,0.331663421,0.345878703,0.33564639,0.337714675,0.342871105,0.34085031,0.334647504,0.338632925,0.323549352,0.336194233,,0.352729038,0.374885036,0.309908615,0.386650967,0.306324714,0.303721253,0.347235542,0.361186064,0.34359537,0.331612971,0.321029747,0.321695931,0.339958106,0.320193626,0.369206389,0.335391832,0.325979261,0.339464055,0.320944734,0.310615739,0.344739943,0.336146246,0.336187434,,0.341913281,0.334658172,0.347789875,0.342734171,,,,,,,0.344476453,,0.314380791,0.343741284,,0.3259955,0.339442399,0.346253153,0.318675164,,0.332831204,0.33685158,0.365081157,0.319214324,0.335618852,0.333295424,0.327306229,0.330172646
107,0.345676562,0.33605534,0.345350898,0.353488575,0.342540409,0.361192029,0.35638666,0.348033723,0.348008755,0.346582343,0.360032052,0.36040057,0.330242885,0.332695666,0.361871906,0.338640117,0.363954611,0.332892076,0.318402428,0.340161491,0.33314266,0.329421639,0.3326338,0.334675296,0.332454783,0.346652256,0.340683787,0.336000848,0.343073327,0.341272096,,0.335802391,0.319245449,0.335987508,,0.350101033,0.370981218,0.311800183,0.367476053,0.304229262,0.302304014,0.341845499,0.357043897,0.344870955,0.333917602,0.319292367,0.320892368,0.339016851,0.319389986,0.369216208,0.335462499,0.325061478,0.338448017,0.320987974,0.315348359,0.344460383,0.334525783,0.334416491,,,0.334288342,,,0.343577109,,0.348867791,0.343092319,,,,,0.310822049,,,0.325161811,0.339722196,0.34698744,0.320586341,,0.330932806,0.333997099,0.370034884,0.322233064,0.339865077,0.333803756,0.326309032,0.328424172
108,0.348946132,0.338298389,0.345507297,0.35581848,0.342977045,0.358573865,0.35148638,0.344741644,0.346003078,0.341847484,0.36265783,0.359719929,0.332735405,0.338026127,0.363937085,0.339649332,0.379483259,0.338113798,0.322484652,0.337044178,0.335429507,0.330358207,0.337954666,0.334774263,,0.347097194,0.341933694,0.330994247,0.342345967,0.341624805,0.334915398,0.336815297,0.32015594,0.338177991,,0.35053277,0.375076732,0.30540658,0.386297397,0.312678235,0.305350773,0.345886161,0.361563752,0.350613381,0.333089949,0.318550135,0.320596935,0.338911154,0.318508619,0.370590995,0.337630179,0.325364596,0.340406761,0.321258831,0.311106333,0.344902506,0.341862648,0.335254691,,0.349173416,0.334303164,0.338759371,,,0.32867317,0.352194943,0.342735172,0.340822499,0.343314606,0.34864328,,0.313747289,,,0.325252972,0.340154731,0.346261836,0.32101483,,0.332142137,0.335673763,0.370270813,0.320443223,0.336408997,0.334182715,0.326294261,0.328524671
109,0.34907826,0.334232742,0.339371839,0.354266501,0.343653327,0.357629172,0.357084186,0.346407226,0.341205604,0.347589954,0.360119842,0.359429206,0.335119164,0.32908233,0.362285153,0.340088911,0.378636688,0.336132831,0.332595618,0.341397145,0.335325031,0.337105798,0.339185236,0.33346745,,0.343827422,0.341365684,0.331965953,0.342462584,0.341889756,0.334586896,0.339633523,0.326209544,0.340064309,,0.351393512,0.372019566,0.311474092,0.386509905,0.308582404,0.304975178,0.345942321,0.360497211,0.357466937,0.333398671,0.318656165,0.321330671,0.340728095,0.317066417,0.369989443,0.33796838,0.318136584,0.338896442,0.326743935,0.310135448,0.345626247,0.351763685,0.33892799,,,0.334276235,,,,,,,,,0.347400119,0.317072343,0.315797076,,0.338060111,0.319332832,0.340789627,0.347493873,0.321436825,,0.334898591,0.338180075,0.378329498,0.329393731,0.337644154,0.334214198,0.320459309,0.328526841
110,0.348395023,0.336362012,0.338579892,0.354600665,0.343913087,0.357733116,0.35136771,0.345873949,0.348109417,0.34645356,,0.357180983,0.33240635,0.330429904,0.357825483,0.341750269,0.370594494,0.340822608,0.325635034,0.34132968,0.335572946,0.330518455,0.339137187,0.333878353,0.332661561,0.341773025,0.341025207,0.331916564,0.34220749,0.342304317,0.334746552,0.337491793,0.326116031,0.339456599,,0.349510628,0.366544715,0.308997602,0.379930154,0.298422495,0.304401108,0.342907732,0.357312147,0.352643858,0.324970411,0.310158191,0.311170038,0.332423448,0.322735636,0.369899056,0.33816744,0.322852901,0.344468174,0.324609282,0.311511362,0.346945886,0.343640568,0.337799406,,,0.334260026,,,0.342908578,,0.34993439,0.343386813,,0.343661652,0.349982922,0.314176024,,,,0.321533809,0.340873824,,0.321612074,,0.334420593,0.337229002,0.375939598,0.324440834,0.338202103,0.332590762,0.322038903,0.326917689
111,0.348666745,0.335856486,0.336829659,0.354881414,0.344592443,0.366809323,0.349301706,0.339521445,0.346278332,0.349151589,,0.362143901,0.331596317,0.331661277,0.363215422,0.342718036,0.375813719,0.341117735,0.322790331,0.342011466,0.336612837,0.33003649,0.340701255,0.333949358,0.332850411,0.338780995,0.341008989,0.332093113,0.341924885,0.340118802,0.33468954,0.339025277,0.32808852,0.337816415,,0.351069555,0.370495794,0.311651006,0.382902992,0.306877236,0.298672693,0.340610976,0.354772691,0.354486266,0.33235461,0.31628411,0.317005217,0.334166211,0.323073283,0.372393939,0.33927739,0.325933149,0.341645509,0.321667587,0.312255356,0.346147966,,,0.332438159,0.347189605,0.334255978,,0.342155545,0.343845232,,0.350768901,,,0.344239512,0.351777908,,0.313925697,,,0.327684106,0.341666271,0.346107529,,0.355804954,0.33018288,0.3340558,0.380537234,0.323872616,0.3400606,0.332513502,0.326888658,0.32696893
112,0.345803039,0.336984463,0.336106659,0.355970422,0.345399601,0.343034316,0.355650004,0.346793619,0.346032946,0.34844849,,0.361322605,0.332525954,0.333177683,0.364138185,0.340037288,0.373801463,0.342933908,0.323632492,0.344193243,0.338321269,0.330436738,0.342958347,0.334243441,0.332807165,0.339335201,0.341118056,0.330422812,0.343813397,0.342320444,0.335312708,0.338026301,0.323550104,0.33965339,,0.350174892,0.374566705,0.312030644,0.379636852,0.30529382,0.306861012,0.347516883,0.36021323,0.35762417,0.329023942,0.314905359,0.313124092,0.330704701,0.316185312,0.370967229,0.341015962,0.329106953,0.343644038,0.326322277,0.312790766,0.348879144,,0.336572545,,0.34720727,0.338769168,0.345927804,,,,,0.342960009,,0.341259038,0.348404362,0.313953381,,0.345362388,,0.327880792,0.343970897,,,,0.334484826,0.337872437,0.390295905,0.325373176,0.339490817,0.33060114,0.327847273,0.331867222
113,0.345167934,0.342099593,0.344510258,0.360291309,0.34594892,0.371544208,0.354396779,0.346016989,0.34637416,0.352480075,,0.359609394,0.338974944,0.336008166,0.3618148,0.34070551,0.372075929,0.343223635,0.322535498,0.344791325,0.337123382,0.330082774,0.344879301,0.336048919,0.333086804,0.337627052,0.341667613,0.330041111,0.342788511,0.340101022,0.33567521,0.337822492,0.32139763,0.340190097,0.425078483,0.347996912,0.367600925,0.307369723,0.377534232,0.304862131,0.305012981,0.345899788,0.354804206,0.35733354,0.328690118,0.313950883,0.316344556,0.333111688,0.317766389,0.370780439,0.339825689,0.327375966,0.342187214,0.32169683,0.312879196,0.34883685,0.348019446,0.337052315,0.330931408,,0.336610453,,,,,,,,,0.350539543,0.316635567,,0.340422944,0.33690226,0.326647254,0.34491201,0.347677752,0.320735633,0.356533845,0.338684364,0.342071112,0.388574789,0.323595975,0.341816878,0.331726956,0.327342006,0.367062565
114,0.345632052,0.331785312,0.339765193,0.365796463,0.34625157,0.37196761,0.354629871,0.346917235,0.345539206,0.352984767,0.358782128,0.35929984,0.333564521,0.334948238,0.361623242,0.342482792,0.368387574,0.343713756,0.324294779,0.347274113,0.340685868,0.329381705,0.344821509,,0.332889339,0.338450024,0.341316587,0.335797042,0.343034758,0.337976758,0.335413941,0.338199154,0.321750496,0.340365236,0.419897789,0.347758131,0.366475589,0.3079035,0.373749174,0.306805294,0.304819978,0.346203341,0.35775009,0.359742488,0.330430571,0.316050631,0.317639958,0.335942656,0.322146474,0.370789147,0.343157475,0.325465654,0.342132481,0.322902882,0.308266811,0.353103016,0.347986901,0.336140726,0.33856299,0.349561,0.338514209,,0.344140723,,0.334836611,,0.342277881,0.337124994,0.343131882,0.35284241,0.313909177,0.313816452,0.339687924,0.335402567,0.324154223,0.346973321,,0.321192272,0.359998366,0.33379993,0.336949015,0.379400514,0.324749405,0.34503543,0.329840291,0.325216573,0.366334749
115,0.345383492,0.334090541,0.343168418,0.367543513,0.348131512,0.371372503,0.354356431,0.348016122,0.345212572,0.343175046,0.360291152,0.359408714,0.333659273,0.337316698,0.362449477,0.339190905,0.368350283,0.344919391,0.324824923,0.347307893,0.337730234,0.329239427,0.345872006,,0.335309675,0.351064823,0.341973306,0.335025398,0.346097386,0.340801031,0.335551323,0.338251092,0.323990967,0.339477438,0.421265585,0.347450038,0.366529902,0.300153041,0.37290075,0.305022437,0.304281334,0.347129951,0.356018246,0.373772904,0.332096303,0.317070454,0.319274206,0.337264499,0.318299991,0.369633487,0.34085693,0.325440665,0.344377134,0.32589506,0.308518601,0.352741492,0.350397566,0.336104723,0.33541603,,0.339292148,0.348046526,,0.343390582,,0.348977195,0.343240743,0.334637063,,0.351444083,0.316231563,,0.342854785,0.338163152,0.325413739,0.347765766,0.344481371,0.315983483,,0.334526681,0.337774015,0.38335259,0.327932419,0.347947773,0.331928602,0.325598143,0.366131511
116,0.344922593,0.345828458,0.343958754,0.363382053,0.348734977,0.367051983,0.358069724,0.350116348,0.346310057,0.350919771,0.362001766,0.361146472,0.334214936,0.335460914,0.363456064,0.341096176,0.370831033,0.346086445,0.322179558,0.331333989,0.337730478,0.330709725,0.344474725,,0.334035088,0.349780803,0.343531136,0.33509229,0.343973534,0.342156913,0.334428972,0.3377067,0.32150401,0.343012706,0.4125866,0.350150751,0.371177825,0.30809528,0.376209243,0.308504258,0.307765678,0.347225848,0.359476827,0.36563213,0.33260769,0.315912367,0.320075626,0.336880918,0.318619879,0.37143568,0.341675955,0.325299076,0.34787737,0.325564554,0.311249738,0.350227041,0.350775305,0.336946552,0.342019653,,0.336681993,0.3494403,0.342821486,,,,,0.344729201,,0.35571522,0.315683931,0.314267395,,,0.32520905,0.331642042,,,,0.334205285,0.341845564,0.379647515,0.32318097,0.356153692,0.332799387,0.326196632,0.365956778
117,0.345885875,0.340126158,0.34498121,0.36264895,0.348152547,0.376670963,0.349282217,0.344909119,0.343699856,0.348604009,0.363764487,0.360585819,0.339242693,0.328954809,0.363448865,0.34001808,0.372428924,0.347566418,0.322762242,0.349112619,0.336844451,0.329483427,0.347463459,,0.333065701,0.349334665,0.342917724,0.334420557,0.345053191,0.343736,0.33749415,0.338820725,0.322129682,0.344677285,0.38821638,0.348365895,0.370323297,0.308093266,0.37823217,0.307145963,0.306696483,0.346617019,0.35990213,0.365884588,0.333873249,0.314673871,0.319037016,0.336316564,0.3167417,0.368627509,0.339489592,0.325428161,0.347115145,0.322384812,0.309601855,0.349705764,0.346894656,0.337813433,,,0.334591327,,0.34509204,,,,,,,0.355593094,0.31481982,,,,0.325454222,0.348906148,,,0.358992805,0.338734363,0.341288427,0.387167838,0.32432049,0.3553756,0.331706583,0.326481002,0.363108335
118,0.345264565,0.334202342,0.337568133,0.355503153,0.347303237,0.375732863,0.35091502,0.347326602,0.346747499,0.34647097,0.36038103,0.361688418,0.337570498,0.328944266,0.36403453,0.341415325,0.377328774,0.34936871,0.323727252,0.351197226,0.337394823,0.328895117,0.349644231,,0.332569665,0.347137754,0.341385155,0.335804609,0.34637673,0.343088359,0.335000085,0.338710978,0.323574006,0.344466569,0.424760785,0.3482882,0.372295752,0.311910562,0.384563842,0.308205174,0.306445297,0.345748345,0.359187844,0.370260289,0.335354576,0.316288647,0.319647985,0.338308589,0.314180297,0.370848461,0.340151982,0.324251872,0.34941011,0.323915005,0.310097955,0.351696289,,,0.333996771,0.355456428,0.334403779,0.350765018,0.345151027,,,,,,,0.35373829,,0.313922965,0.342347748,0.338235202,0.326711213,0.351401268,,,0.361712231,0.336261561,0.337983483,0.389464241,0.324582419,0.357282508,0.33203953,0.326287712,0.365199188
119,0.346714688,0.337267224,0.338421851,0.363542427,0.348376809,0.378895304,0.354343595,0.347364237,0.349530333,0.3472777,0.36717337,0.361217631,0.338637903,0.331127127,0.367185952,0.340967227,0.374649862,0.35206557,0.320280666,0.361196712,0.340768775,0.329595716,0.35204602,,0.333138141,0.35056962,0.342295552,0.334066976,0.347429607,0.345379617,0.335031519,0.340126553,0.324267088,0.347495162,0.421518082,0.347330625,0.371854617,0.312103827,0.38064513,0.311945055,0.305108347,0.349012407,0.359379092,0.371913017,0.336187586,0.316293727,0.318275945,0.336910618,0.318441115,0.369851877,0.343597742,0.325721348,0.350293564,0.322276863,0.311877327,0.354000627,0.35254917,0.338404832,,0.355547633,0.337479384,,0.344958387,,,0.35128795,0.341882429,,,0.355930726,0.314917795,0.314302729,,0.338921199,0.325576383,0.362473514,0.349501953,0.321965963,,0.3345619,0.337455782,0.390920311,0.320757555,0.362076592,0.331284101,0.32663351,
120,0.344580748,0.341840902,0.347330969,0.370289404,0.351501337,0.381244311,0.352931475,0.347901376,0.34810639,0.351019661,0.362740496,0.361428537,0.338579641,0.336151805,0.36757389,0.341860561,0.372965949,0.355589004,0.320452148,0.363183211,0.340785644,0.329763093,0.355578417,,0.333790704,0.353308347,0.341806495,0.333330903,0.346421896,0.346893708,0.33525579,0.339276784,0.326312962,0.349117399,0.427162247,0.347200632,0.374205674,0.31095816,0.379110893,0.311015961,0.304121273,0.347997505,0.360278942,0.378634402,0.336166543,0.307586879,0.32013541,0.337095804,0.315609234,0.367664032,0.343124873,0.325726585,0.349047221,0.325641284,0.311643324,0.356976,0.363934298,0.338121456,0.341210792,,0.339239722,,0.346396626,0.34386098,0.341517857,0.353291428,,,,,,,,0.341568274,0.325623265,0.3631277,,,,0.33751252,0.340564449,0.394260882,0.323171002,0.363990576,0.331696607,0.326569748,
121,0.343744325,0.335987067,0.338551878,0.366268855,0.351341136,0.377337462,0.358332438,0.343574136,0.346380913,0.349013149,0.365994063,0.365000795,0.34186622,0.337704116,0.3680534,0.339910897,0.375678185,0.351966599,0.322869534,0.366199493,0.341771386,0.32925163,0.352085569,,0.33344061,0.351621926,0.341055683,0.331675177,0.348755803,0.347391188,0.335133356,0.342242524,0.326196295,0.353696535,0.421821042,0.347313989,0.3706976,0.311125726,0.382079799,0.30851488,0.307199141,0.347506872,0.3574985,0.38092919,0.337585297,0.316510154,0.322641273,0.338542748,0.321825238,0.371826954,0.344876174,0.326017257,0.35482018,0.322185322,0.315565954,0.357643013,0.366642728,0.337887334,0.344871976,,0.33994238,,,,,,,,,,,,,0.341710627,0.326409453,0.366219238,0.347842788,0.323740657,,0.338577219,0.341392814,0.39156228,0.321520189,0.361783114,0.332078582,0.327180263,
122,0.342812274,,0.339582423,0.366732948,0.351940613,0.355643912,0.352713577,0.349182995,0.350252564,0.342548887,0.363203754,0.364100894,0.341377064,0.340347791,0.36991074,0.339666654,0.375849573,0.358737176,0.324973111,0.369578241,0.343782279,0.329003984,0.357095797,,,0.351154151,0.343449272,0.335077985,0.346344041,0.348897647,0.335171965,0.343166837,0.326308938,0.355978759,0.431894631,0.349404962,0.376839295,0.309900606,0.384984751,0.307638511,0.304903879,0.347504053,0.358931021,0.38251836,0.339822015,0.316201894,0.323318156,0.339727664,0.319602126,0.370120251,0.347813532,0.326419825,0.347151564,0.308564497,0.31102405,0.359925926,0.36509832,,0.350071458,0.360969752,0.337426093,0.350919461,,0.343900976,0.344487076,0.353241195,,0.34756896,0.348931581,0.36836229,0.313885191,,0.347297386,,0.326471096,0.370201457,0.348536438,0.323401412,0.362523638,0.348471201,0.350290276,0.395532943,0.317033099,0.368820354,0.331298096,0.327311563,
123,0.344941612,0.337133298,0.337862362,0.371487069,0.351379222,0.36315552,0.350901813,0.346649609,0.34912154,0.339198814,0.365263028,0.367231898,0.342411652,0.338758162,0.371791384,0.343327945,0.381415458,0.366134086,0.323956772,0.371587818,0.345460778,0.330066631,0.366929354,,0.339781954,0.354499475,0.340650628,0.334524006,0.348584811,0.346197215,0.335405608,0.341538744,0.32935459,0.358520693,0.42999848,0.347493645,0.377070672,0.312204011,0.388315443,0.312041281,0.303983414,0.348610349,0.361258439,0.389012128,0.339492649,0.316848463,0.322778778,0.340171675,0.320429842,0.370814214,0.349075543,0.327849388,0.350153911,0.326087645,0.310016262,0.365908807,0.374624215,0.339327877,0.359809022,0.36551886,0.334596967,,0.345190994,0.343919426,,0.351721823,0.343046243,0.349714386,0.347302543,0.367345053,0.315848814,,0.348395861,,0.326890822,0.371646404,,0.324567377,,0.340546777,0.344014592,0.39697609,0.323216319,0.374607854,0.330166635,0.328106025,
124,0.345854612,0.337654135,0.339861784,0.371094448,0.35354741,0.352974913,,0.345745506,0.345065491,0.341481043,0.3683428,0.366711541,0.342041298,0.332202307,0.373572516,0.346392925,0.38230776,0.372632203,0.327359525,0.377374454,0.347177759,0.331402465,0.372254482,,0.341201608,0.358721479,0.341549887,0.336474344,0.349431972,0.350741791,0.335715636,0.344728752,0.330782091,0.362152072,0.437096268,0.350934884,0.382264859,0.311252036,0.389273678,0.31250184,0.305423985,0.34853848,0.365941285,0.391707363,0.342990415,0.319530079,0.323416784,0.339390756,0.32218062,0.373119748,0.350793991,0.327483863,0.35219618,0.326742765,0.311772355,0.365108275,0.374541582,0.339686853,0.360986357,,0.334848941,,,,,0.353058201,,0.351160869,0.347368696,,,0.316511479,,,0.327074179,0.377290164,0.350456093,,,0.3438713,0.346978915,0.388985769,0.326141698,0.374306816,0.328486325,0.32804289,
125,0.344119708,0.340382649,0.340710658,0.379616796,0.353545042,0.378683648,0.356968066,0.343268696,0.348164606,0.353679159,0.370651488,0.368928171,0.34106119,0.341634525,0.375723914,0.348060952,0.379664001,0.381306347,0.330457523,0.38667171,0.350128825,0.332259899,0.383460485,,0.344153618,0.361069009,0.342180161,0.333408375,0.349998697,0.346484182,0.337152193,0.344977576,0.332407923,0.35781791,0.44081502,0.351870554,0.380045911,0.311221597,0.387272402,0.316464964,0.309318258,0.349337291,0.367050635,0.395141004,0.349852924,0.319744651,0.323924408,0.341584916,0.318717547,0.376427915,0.35372406,0.327729653,0.351511789,0.32903966,0.313254618,0.366199767,0.395636572,0.340735439,,0.369796987,0.334750601,0.353567897,,0.34376828,0.351979155,0.349122777,,0.352611407,0.35106211,,0.315659899,0.316495899,,0.343934745,0.327730934,0.387872495,0.348890457,,0.367401007,0.347442526,0.348945944,0.388969534,0.327530378,0.374256378,0.33131929,0.328666614,
126,0.344518068,0.341060175,0.339430527,0.382077857,0.355635429,0.363456635,0.356779799,0.34274734,0.343183108,0.33855291,0.371879266,0.370430493,0.351335049,0.340782789,0.376169314,0.35182285,0.385205769,0.388083935,0.335036373,0.38896942,0.349953219,0.331755574,0.388798709,,0.345410798,0.368471004,0.34323143,0.335038424,0.349379078,0.349060321,0.336699814,0.347037439,0.335472335,0.362771695,0.432350415,0.353345888,0.385083423,0.313024705,0.392717714,0.316409896,0.309815692,0.350222757,0.370544162,0.396663521,0.353754872,0.321506556,0.326535749,0.343109981,0.318419619,0.376128637,0.355334549,0.328652507,0.351631303,0.333975699,0.314324924,0.367024956,0.377145041,,,,0.335305704,,0.347677395,0.345114702,,,0.347506194,,,0.375169439,,0.318205062,,0.3417441,0.329340023,0.389107676,0.351157288,0.327308891,0.366290921,0.351070776,0.353249548,0.396488188,0.331111612,0.366594294,0.331112565,0.329375105,
127,0.345293889,0.344247411,0.340721231,0.379590494,0.355166018,0.380755081,0.360640075,0.347524365,0.350055136,0.344008967,0.373871281,0.369327037,,0.341360193,0.376672049,0.35837775,0.389564948,0.404165513,0.337307382,0.383807847,0.353697451,0.332414963,0.403872846,,0.3468598,0.366207436,0.341424675,0.335813045,0.349538917,0.350006574,0.335241934,0.34975775,0.335163454,0.372710009,0.444902574,0.358941656,0.393021,0.308350515,0.397261319,0.319075498,0.314670282,0.357872367,0.373694589,0.399382954,0.362806615,0.322163705,0.32757187,0.345552034,0.331088714,0.381371738,0.355821581,0.332291816,0.352378614,0.336670437,0.318004685,0.369316884,0.403461269,0.341107684,,,0.334687257,0.362028494,0.348013252,0.343877244,,,0.347314338,0.353914309,,,,0.320044352,,,0.333027134,0.383250483,0.351198227,,0.368531393,,,0.393528763,0.334872377,0.370822191,0.330876302,0.334508428,
128,0.351419342,0.347742188,0.337087304,0.379186147,0.356044043,0.401783535,0.36257938,0.345550698,0.352399675,0.345277071,0.376418827,0.371691513,0.358871502,0.341829065,0.379004795,0.364776893,0.394449039,0.416866543,0.339351278,0.390612859,,0.334168935,0.416644034,,0.349979202,0.385770867,0.341143045,0.330252271,0.347630688,0.348197122,0.336431533,0.344358083,0.335668631,0.370915352,0.44432012,0.368482381,0.405499472,0.311617692,0.403026249,0.327490619,0.322881889,0.370245972,0.377982896,0.388733439,0.374240908,0.325681313,0.328577888,0.352043015,0.336286194,0.390377695,,0.333642909,0.355228631,0.341300146,0.33009186,0.36994551,0.406514148,0.341799157,0.371524302,0.379795862,0.33592583,0.359445686,0.350625485,,,,,0.357038048,,0.382617425,,,,,0.332205067,0.387793189,0.351654518,,0.366291286,0.352434486,0.356222275,0.390491786,0.337538114,0.371770316,0.333534366,0.333460023,
129,0.346635671,0.34849716,0.337511649,0.383585365,0.356897679,0.401775467,0.355734161,0.349014159,0.343287401,0.344583789,0.379144661,0.372625544,0.365759522,0.333899623,0.379983025,0.367567576,0.396643365,0.428252243,0.343938708,0.389435988,,0.329599453,0.424331981,,0.352970076,0.379147825,0.343753015,,0.35007595,0.350381482,0.337379568,0.340009023,0.334949635,0.373934652,0.420039936,0.371729308,0.409655543,0.310803811,0.405549611,0.323581641,0.319378291,0.365062899,0.377806884,0.393313269,0.392951548,0.332828621,0.323423793,0.348846767,0.335584894,0.395099614,,0.333972361,0.358216012,0.343814942,0.325210516,0.367801203,0.409177777,,,,0.335117552,,,,0.360756941,0.358623202,0.347097989,,0.356297429,,,,,,0.333877853,0.389775838,,0.328836077,0.366568326,0.364823032,0.367068438,0.396060067,0.339030094,0.370283168,0.333581708,0.333922861,
130,0.343607135,0.360859049,0.339367405,0.379228866,0.355709408,,,,,,0.380186524,0.372868843,0.361836195,0.332944939,0.380677599,0.372688289,0.407504674,0.437527481,0.349226828,0.389403418,,0.33158403,0.437310983,,0.356619975,,0.34100806,0.336582721,0.348953348,0.352055013,0.337916741,0.342631786,0.330901917,0.369437705,0.451940574,0.382544139,0.439154297,0.312404739,0.417583244,0.335370794,0.335581663,0.38689945,0.385740734,0.399825668,0.411582047,0.34327367,0.325384727,0.350105227,0.333808287,0.403841369,,0.331536585,0.360608955,0.350690899,0.328289986,0.370333303,0.395915192,,,,0.335206365,,,,,,0.345882327,0.352488274,0.358204696,,,0.315213857,,0.341807862,0.331543231,0.390455128,,,,0.359879505,0.364823054,0.396725563,0.345778713,0.37159954,0.332013161,0.331976944,
131,0.344693999,0.355051398,0.340006691,0.371038493,0.356878522,0.416210021,0.357644184,0.348370881,0.353426875,0.352837237,0.381189011,0.374541099,0.358664485,0.329595947,0.381569121,0.368186389,0.42035316,0.451765586,0.355262375,0.392239754,,0.331959568,0.448111415,,0.358676681,0.404876054,0.340253332,0.331337401,0.351510885,0.35231156,0.34125441,0.350418379,0.333522965,0.371215992,0.422078167,0.40348584,0.468706664,0.312348516,0.432718082,0.342325565,0.348037154,0.402374003,0.392225496,0.40210161,0.415921182,0.352797207,0.326841333,0.34953245,0.342790787,0.414187853,,0.330821245,0.357623595,0.355763031,0.332596693,0.369074011,0.416013287,,,,0.335555075,,,,0.354009853,0.365402615,,,,,,,0.350594029,,0.330738278,0.393417623,0.353295942,0.334228465,0.364569028,0.3553602,0.360004321,0.392728514,0.351626827,0.373217311,0.331310722,0.332403336,
132,0.340369236,0.364724186,0.337938913,0.385410931,0.356887711,0.414035433,0.357633186,0.350130085,0.35155285,0.349530311,0.381623409,0.376485707,0.360748313,0.336164778,0.383026843,0.376506827,0.425640697,0.453846206,0.363470819,0.396326631,,0.331502202,0.451235114,,0.361023726,0.391159045,0.340679767,0.330855726,0.35067476,0.350686411,,0.350723931,0.337787151,0.381393508,,0.39277969,0.451616521,0.314377659,0.440960907,0.346073459,0.360573002,0.410075594,0.391041074,,0.412595723,0.358416822,0.324125181,0.348063858,0.337439147,0.417478666,,0.330205719,0.359411506,0.360674625,0.33586852,0.371041846,0.404810811,0.343181446,0.364621152,0.379054015,0.33559995,0.346702531,,,,0.362470827,,0.3527326,0.355930204,,,,,0.345741962,0.331023386,0.398942927,0.351096818,,,0.360442351,0.364159142,0.391245519,0.355084964,0.372943394,0.330977396,0.331220371,
133,0.341431371,0.374651017,0.337880431,0.392558434,0.356585098,0.436627297,0.357502332,0.349194207,0.351462302,0.356312876,0.384228154,0.374673398,0.371894162,0.344726872,0.380816758,0.368061237,0.431683257,0.46897393,0.366085579,0.39986558,,0.331660166,0.46722188,,0.361895267,0.381666604,0.340474625,0.335322195,0.351153048,0.351184591,,0.355008897,0.338481474,0.374317997,0.45168985,0.397803994,0.46689535,0.314666409,0.446524966,0.354277307,0.369369761,0.417158244,0.3911039,,0.417883934,0.36145228,0.327181875,0.350960536,0.337774573,0.426101472,,0.331966932,0.357881229,0.366046753,0.330248416,0.371964609,0.409010205,0.340447388,,0.374423247,0.336069226,0.352733815,0.351149843,0.345104038,,,0.345847732,,0.354224306,,0.315784793,,,,0.332006119,0.400161395,,0.331645392,,0.375026526,0.376917165,0.396276307,0.358862806,0.380137157,0.331128962,0.332972123,
134,0.34513504,0.370734749,0.337617926,0.395318712,0.356186452,0.371705878,0.358959322,0.345740584,0.345862925,0.349479935,0.388129182,0.372166186,0.364761823,0.350619005,0.380167109,0.378619488,0.433853904,0.465756263,0.368697691,0.396492524,0.361449919,0.334074166,0.464856577,,0.361847329,0.39896829,0.340995929,0.33795001,0.349086779,0.350292037,,0.353822229,0.335935915,0.381446302,0.443913805,0.398582109,0.472491444,0.316385417,0.449596363,0.353442329,0.36815797,0.419873238,0.402673173,0.385171095,0.411017059,0.363261513,0.331179818,0.35260223,0.342631972,0.433853081,0.368167216,0.332347607,0.360092095,0.366110317,0.336508363,0.370685685,0.413561082,0.340896646,0.383929045,0.388027886,0.335478736,0.353635481,,,,,0.347822361,0.352513453,,0.390510184,,,0.352438428,,0.332772744,0.399582153,0.352344098,,,0.361950178,0.367121239,0.393655289,0.360067107,0.377560542,0.332109987,0.334254195,
135,0.34600016,0.371824605,0.338527876,0.395453234,0.357441974,0.403618756,0.358629273,0.346566439,0.347446607,0.343904134,0.380280938,0.375310406,0.358039513,0.341075711,0.382354037,0.376240614,0.430100507,0.455144256,0.37291323,0.406867911,0.364909835,0.332388073,0.454758344,,0.364102817,0.403543889,0.344276584,,0.350877287,0.349264042,,0.355976081,0.341842117,0.373485266,0.446194567,0.400988019,0.471756597,0.325738356,0.445788066,0.351715296,0.368896143,0.420263897,0.39880463,0.397844531,0.416129909,0.37023514,0.329107007,0.349291237,0.346572958,0.429575087,0.37134105,0.335283582,0.363652807,0.374293047,0.336382133,0.367147041,0.405920013,,,0.388650095,0.334880179,,,0.344660434,0.366122657,0.361883436,,,0.359122535,0.388073417,,0.320184395,,,0.335396564,0.407333919,,,0.362298253,0.359890456,0.364435884,0.385946604,0.368660753,0.371729599,0.331477047,0.335794499,
136,0.345878769,0.380497651,0.341668935,0.396796727,0.353929863,0.434882389,0.356062296,0.350095112,0.347934761,0.34800623,0.385809185,0.377301589,0.362263238,0.348392139,0.383931397,0.371805925,0.43114521,0.458619861,0.378769166,0.406489952,0.367841395,0.333203755,0.453882907,,0.360779001,0.388044024,0.34272034,,0.349367545,0.354414444,,0.357988718,0.340439764,0.385231842,0.444157915,0.405128386,0.484043359,0.336676681,0.450238075,0.36007926,0.380447635,0.42855698,0.397481219,0.398761066,0.429943092,0.376682429,0.329234748,0.353835662,0.356406026,0.433903926,0.376563866,0.334154423,0.365743898,0.376000523,0.341175038,0.373368406,0.410646459,,,,0.334834856,0.362024517,0.351555661,,0.368102121,0.366291501,,0.349024583,,0.3988921,,,,0.346574474,0.333993131,0.411574503,0.352999408,,,0.359068315,0.363498685,0.388400554,0.373246917,0.376013332,0.33119843,0.335434362,
137,0.344780665,0.375476962,0.338590544,0.391190344,0.359406393,0.458381583,0.357469357,0.353182898,0.355745322,0.35513382,0.384590139,0.37507919,0.363367658,0.345267578,0.38236165,0.37317107,0.441608039,0.452746289,0.391484009,0.396774229,0.367961282,0.332227299,0.449811064,,0.361381263,0.404774072,0.345081428,,0.350848614,0.353361499,,0.357848688,0.340933649,0.381984264,0.45409937,0.412707379,0.48731573,0.332712629,0.459555539,0.367389438,0.390629563,0.428644178,0.409325405,0.394565961,0.425128732,0.391345584,0.337741261,0.360619643,0.386319422,0.443975391,0.37123696,0.346984367,0.372239207,0.387177011,0.338920022,0.372303305,0.400885858,0.347591788,,,0.334372726,0.359864487,,,,,,0.348013616,0.356649374,0.390205194,,0.321086854,,0.34668252,0.346450874,0.40040956,,0.334917586,,0.36146947,0.365933037,0.399126313,0.391282665,0.370539193,0.333009333,0.348583986,
138,0.347992631,0.379729242,0.337433413,0.383215833,0.359525172,0.421118852,0.360120012,0.347463745,0.347326366,0.356410732,0.386769135,0.373583122,0.359174423,0.344097012,0.38187685,0.368561298,0.436692399,0.439274682,0.39226696,0.392760247,0.366830942,0.332625048,0.441171952,,0.362409593,0.412899692,0.343554598,,0.349802702,0.352681586,,0.360402175,0.34219968,0.367079565,0.452678278,0.41555984,0.486237102,0.337414294,0.453444935,0.369014911,0.394573634,0.427657456,0.406155717,0.39851554,0.437576026,0.403176383,0.3494438,0.373282606,0.380064862,0.446275527,0.37228991,0.344927594,0.372444317,0.389238763,0.342366467,0.375045442,0.399654779,,0.373524198,,0.33537216,,,0.34412102,0.370322929,,0.349990398,0.347265238,0.355323218,0.37941137,0.312541038,,0.355179795,,0.340146619,0.396036173,,,0.362623869,0.357812275,0.361919193,0.40167347,0.386321692,0.368546653,0.331502418,0.343411982,
139,0.341062288,0.384616703,0.33698281,0.392548481,0.3598025,0.458865453,0.36334981,0.355530718,0.351827419,0.357749021,0.380649849,0.378389991,0.362787978,0.344458847,0.384467653,0.382097194,0.444221938,0.444528978,0.406035093,0.412282824,0.370614752,0.332582467,0.435106842,,0.362658703,0.401046081,0.345417543,,0.349280121,0.352074464,,0.352766952,,0.378325732,0.450747432,0.416244145,0.495580052,0.344293479,0.471429606,0.37186076,0.419683822,0.442425077,0.411916853,0.398293257,0.4428623,0.403861729,0.348262202,0.368161787,0.380741809,0.438604641,0.376824046,0.342512232,0.375940636,0.408110998,0.345435483,0.372661214,0.394344902,,0.381764852,0.394674048,0.336438932,,,0.344889753,0.372155051,,0.350218322,,,0.380118495,,0.327831137,,,0.342867808,0.410582061,0.353183442,0.335209266,,0.364718321,0.368698083,0.390546127,0.407975064,0.367292581,0.331336621,0.343409907,
140,0.343824513,0.389273246,0.342464392,0.393055982,0.359637177,0.457008608,0.355098769,0.35196385,0.355941409,0.364414999,0.390556048,0.374344035,0.360310294,0.341167264,0.381927358,0.368406863,0.439016745,0.466475848,0.408005419,0.401979641,0.370194043,0.331526296,0.466326666,,0.366391904,0.400900546,0.344663748,0.336990329,0.349100909,0.355447812,,0.354682856,0.340541853,0.37543712,0.451770029,0.418856826,0.482866612,0.357398027,0.460102867,0.367925195,0.41248057,0.431744837,0.397160034,0.358662432,0.439386903,0.421673834,0.352320205,0.376705119,0.376279448,0.442683863,0.375851378,0.3423394,0.377724418,0.406072852,0.33962175,0.374396145,0.400473717,0.342395555,,,0.336014703,0.343113951,,,,0.367301682,,,,,0.314640291,,,0.345802046,0.341940434,0.400259617,0.352053306,0.336669178,0.361078509,0.358019721,0.362449496,0.38774542,0.408641851,0.366632235,0.332993835,0.342857,
141,0.341859285,0.384093264,0.346743642,0.395653424,0.360952641,0.45995862,0.363780003,0.347191168,0.354383163,0.358287383,0.388048162,0.375361935,0.365492042,0.350481596,0.383902288,0.368240809,0.445787238,0.434912596,0.415197979,0.409491424,0.372001716,0.331788636,0.420937504,,0.365335758,0.398191389,0.342455892,0.335551783,0.347294495,0.351271239,,0.357025976,0.34124494,0.379183692,0.407280466,0.418782899,0.49710613,0.369550709,0.46782855,0.37514747,0.409645609,0.431070648,0.413971391,0.395126035,0.437995225,0.416332246,0.353890987,0.376864223,0.374572441,0.43333095,0.376581208,0.342875341,0.376582867,0.414900297,0.344911728,0.37492201,0.390838144,,,0.385326937,0.337601304,0.363962765,0.355184144,,,0.366659827,0.347447454,,,,,0.322052783,,,0.342615086,0.410273264,0.353721345,,,0.365970419,0.370360979,0.384686336,0.418368705,0.369662125,0.331971013,0.34333709,
142,0.346714193,0.389532726,0.345660305,0.393642725,0.360621982,0.477635185,0.362387213,0.358163898,0.358952363,0.363534196,0.377370301,0.375278834,0.374521323,0.342664399,0.382770845,0.373952598,0.451575783,0.461978391,0.413464227,0.410175522,0.37380565,0.332022687,0.461568106,,0.36654544,0.398998046,0.342575864,0.335943806,0.349075797,0.353795006,,0.356612954,0.34150396,0.384749583,,0.420391949,0.500496452,0.387631754,0.477517331,0.373245563,0.418742849,0.435193453,0.40800337,0.389585301,0.436687375,0.413458375,0.352541464,,0.377355049,0.447356371,0.378864416,0.343784612,0.378884462,0.413254112,0.34168764,0.376042645,0.400795569,0.342479908,,,0.338943403,0.357107536,0.363378199,,,,,,,0.392250366,,0.327498922,,,0.343777349,0.409959125,,0.339139141,,0.37836225,0.380353925,0.396024974,0.416927378,0.369616647,0.329812604,0.345294852,
143,0.343053762,0.39118015,,0.400573319,0.362812506,0.464811293,0.359556509,0.352964875,0.353255179,0.363487514,0.371302119,0.37235688,0.370385314,0.344426738,0.380621112,0.375654075,0.451270552,0.460810613,0.40889189,0.412800054,0.375938759,0.335141483,0.457668741,,0.366137118,0.40282908,0.341578262,0.336833391,0.352232567,0.352964921,,0.358538239,0.338543412,0.374670063,0.447348973,0.421891695,0.497815765,0.397770381,0.478176944,0.372781945,0.409978111,0.431736789,0.416840557,0.392068981,0.434391915,0.419621295,0.352910845,,0.389517575,0.440518918,0.382984834,0.350042673,0.377561382,0.407543115,0.342132053,0.374214831,0.40723636,,,0.395707575,0.337118151,0.363102252,0.356751756,,,0.366601567,0.349994169,0.354139847,0.35720395,0.397067615,0.315112448,,,0.348524093,0.349933319,0.417013693,0.353780255,0.339795978,0.361919896,0.370864032,0.373236261,0.397116629,0.411550992,0.375984293,0.329781509,0.35056643,
144,0.343211611,0.390874042,0.337888312,0.398858663,0.362306192,0.453890966,0.363875486,0.357660829,0.362685364,0.361164051,0.386112899,0.374737007,0.362739023,0.343695658,0.382477034,0.375037403,0.453159724,0.45898128,0.412326704,0.4179129,0.37718028,0.331906867,0.459109881,,0.364093847,0.414660842,0.342114664,0.336034644,0.352465453,0.354101503,,0.359841725,0.340394245,0.378987556,0.426487974,0.418846745,0.487945801,0.405039724,0.478505735,0.37775755,0.408977234,0.432823783,0.411157528,0.387173096,0.437824086,0.416592434,0.374672826,,0.41940514,0.439172754,0.381944402,0.356899833,0.380085931,0.411568221,0.341985647,0.376526531,0.409079808,,,,0.338053781,,0.361473328,0.344087635,0.373417419,0.368591736,0.348165914,,0.35922393,0.390440212,,,0.359655951,,0.357845661,0.417065238,,,,0.366060128,0.369375777,0.396494742,0.417784167,0.376031719,0.33094376,0.357353186,
145,0.347322151,0.388751062,0.342273616,0.398100467,0.363721891,0.467648221,0.362052317,0.35882478,0.355625771,0.361773357,0.384637179,0.376290902,0.364958193,0.336912489,0.384142734,0.377563103,0.446879306,0.454083284,0.415445965,0.415392708,0.375934827,0.333182482,0.453756473,,0.362763469,0.409900099,0.344849712,0.336619693,0.353748299,0.356450588,,0.362224672,0.340384901,0.382350495,0.443930671,0.419787615,0.500724936,0.405198825,0.471888059,0.379924274,0.42598222,0.435392028,0.406772269,0.398784065,0.449082207,0.425306103,0.372320262,,0.432753624,0.432001072,0.381173382,0.38174209,0.390937654,0.415118284,0.342928445,0.374045788,0.406665845,0.346152047,,0.403540113,0.336506233,0.366601222,,,0.365272875,,,0.348884802,,0.392536068,0.309198761,,,,0.382841814,0.41578294,0.352795083,,0.35938561,0.361507336,0.367340122,0.39905296,0.421579377,0.369961587,0.330702289,0.383610794,
146,0.345147325,0.384028295,0.33834912,0.401044454,0.361662795,0.497493928,0.365037987,0.360233821,0.361802475,0.37703933,0.38086005,0.37801659,0.357232163,0.342398371,0.385245262,0.371076659,0.45455161,0.449708617,0.412186237,0.418560573,0.377580616,0.332559221,0.436897618,0.332019078,0.364170113,0.416887006,0.34620393,,0.353062288,0.353389823,,0.36373221,0.341979177,0.380177869,0.434572438,0.421267412,0.503138922,0.404937946,0.480184586,0.386213066,0.415737828,0.437979466,0.416177449,0.395157858,0.453013623,0.426793329,0.395497067,,0.446340227,0.424545958,0.388210549,0.369673633,0.379675956,0.421421894,0.345280417,0.375468857,0.408458378,0.348178863,,,0.338702909,0.368737454,,0.343888054,,,,0.351025684,,0.380146758,,0.325352923,,,0.370454506,0.419402158,,,0.360997303,0.359817269,0.36656428,0.391246082,0.431372033,0.369897146,0.331176389,0.369059875,
147,0.344069613,0.38298157,0.339635516,0.396806856,0.362770728,0.493714757,,0.362238481,0.362243755,0.366043819,0.385081706,0.375176728,0.358734449,0.34724989,0.383869899,0.363518233,0.460744099,0.451981595,0.427895574,0.420187661,0.376840077,0.331295433,0.450397218,0.355175009,0.359094487,0.406927875,0.343015785,,0.353664624,0.355401696,,0.362076633,0.339591848,0.388857594,0.447248108,0.42955646,0.510675595,0.395700526,0.486501724,0.387525278,0.420387312,0.438287347,0.411517823,0.398062349,0.453541217,0.426151361,0.393831002,,0.443468132,0.421220037,0.378691936,0.377815346,0.39157125,0.427679993,0.352550349,0.378076684,0.405055402,,0.384644717,0.393936542,0.33919822,0.369249209,,0.344153714,,,0.348954642,,0.367192396,0.389558389,,0.325352038,,,0.377894251,0.420716295,,,0.361107569,0.355018442,0.359296948,0.389813732,0.435458197,0.366648297,0.33038931,0.377315122,
148,0.342780622,0.385372736,0.33870715,0.398922291,0.364620423,0.496825218,0.374992022,0.363978556,0.358494316,0.383461265,0.387335516,0.376635384,0.375848037,0.339753994,0.384456804,0.376696129,0.461369257,0.425260439,0.415377694,0.396131813,,0.332036048,0.425053472,0.359024965,0.362992249,0.405280742,0.343176003,,0.353088115,0.357120696,0.340939183,0.355996327,0.346983211,0.380138799,0.438089428,0.422518172,0.510463801,0.38517847,0.489300142,0.38728697,0.422371022,0.456322447,0.405598628,0.38692507,0.454300686,0.439351304,0.415632448,,0.446200726,0.418937599,,0.391742735,0.398263511,0.413357811,0.345314682,0.37588598,0.405164821,,,0.399033503,0.338335126,,,,,,0.350348067,,,0.404077198,0.314077881,0.327653948,0.363028178,,0.395487701,0.417448245,,0.345138147,0.362158007,0.377592288,0.379569764,0.377879303,0.42768171,0.369642724,0.3294609,0.392464568,
149,0.34533624,0.391621852,0.339193193,0.383570516,0.361015074,0.4838702,0.373381209,0.369157784,0.369866816,0.3751515,0.381149495,0.375152989,0.356260546,0.341713524,0.38320587,0.376017784,0.452349392,0.429017891,0.428337783,0.419499288,0.378411363,0.334330556,0.41906798,0.358660195,0.36013264,0.406366256,0.340856119,,0.352581174,0.356684419,0.339382965,0.360342105,0.343219663,0.384486238,0.420423497,0.430633909,0.514993005,0.380022918,0.477270925,0.377877845,0.427530774,0.432950726,0.42055031,0.388858229,0.452380198,0.424773158,0.412676545,,0.482515783,0.436718829,0.38530623,0.389349669,0.401945193,0.424722262,0.342770127,0.374639953,0.404182343,0.354961792,,,0.338182525,0.365482473,,0.344441863,0.377646916,,0.353418494,,0.365574215,0.386997202,,0.326340215,,0.351923164,0.388024614,0.418480646,,0.342674891,,0.35621916,0.362331366,0.381658719,0.439972315,0.364906914,0.333545736,0.388579035,
150,0.347161722,0.387930044,0.342092222,0.38859194,0.36472797,0.493413366,0.375138066,0.372789851,0.36679564,0.387029233,0.375699594,0.376233671,0.354890337,0.340284343,0.383554596,0.37375013,0.461014152,0.443423426,0.423613468,0.410155043,0.379960627,0.332396401,0.435315119,0.366043774,0.356731414,0.403345161,0.342392451,,0.348586198,0.356738668,0.342557851,0.366657357,0.342699603,0.377539723,,0.422712307,0.501501722,0.389436187,0.488654417,0.384397177,0.421371851,0.429860111,0.407724904,0.385232877,0.45142187,0.440950516,0.418570878,,0.459855178,0.433892756,0.384042036,0.393056599,0.399066328,0.420141286,0.345900866,0.375089593,0.410391204,0.356540561,,,0.339016201,0.369840437,0.361361826,0.346255539,0.379608261,,0.352489982,,0.364613227,0.37595426,,,0.361508032,,0.393883374,0.420290409,0.35097602,0.347000703,0.361435614,0.359270471,0.364454146,0.36944484,0.430064906,0.368588034,0.330662019,0.39031271,
151,0.341734756,0.366949228,0.337723586,0.391296594,0.363487898,0.522225905,0.359112301,0.379344408,0.378417513,0.408511678,0.3869248,0.381599073,0.351692052,0.342859229,0.386737044,0.366350395,0.451861424,0.409945773,0.403365157,0.417656103,0.380403665,0.333096644,0.420598892,0.370420478,0.361612146,0.401581112,0.342575349,,0.348846307,0.360494095,0.342071878,,0.338389082,0.376930914,0.413950503,0.433948166,0.538218377,0.385809378,0.477341316,0.393265221,0.447504609,0.436017851,0.401000609,0.385148618,0.457237604,0.427444754,0.417086769,,0.454224526,0.429705738,0.387395557,0.391450861,0.398661547,0.428139905,0.353722638,0.374904237,0.402868666,,,,0.339984298,0.371980695,,,,,,,0.361019024,0.394949556,,,,0.355784908,0.391549147,0.417714864,,,,0.353196472,0.35803891,0.365284253,0.433783645,0.374567802,0.331803383,0.388571583,
152,0.342958651,0.363985315,0.343746676,0.397859544,0.364659004,0.527634144,,0.378577721,0.380270014,0.39870396,0.383898093,0.368886685,0.357082254,0.346601871,0.371425464,0.359132848,0.444943275,0.426633091,0.423199937,0.420309062,0.375361749,0.332844823,0.425238095,0.377956995,0.366679594,0.39631049,0.34293923,,0.349017721,0.354081877,0.343992495,0.357972174,0.340609332,0.380145198,0.439838419,0.424120617,0.504118115,0.398939951,0.474713472,0.377890764,0.433877126,0.445064892,0.40185456,0.39033566,0.466464696,0.413696533,0.418041576,,0.452033952,0.41953494,0.382282381,0.394108765,0.406370187,0.427148137,0.341058972,0.370133305,0.389946064,0.365285057,0.394095832,0.395652489,0.342236981,0.377707553,0.363418168,0.344972124,0.377418801,0.36842501,0.353071491,0.358845546,0.363312885,,,0.330608079,,0.358160815,0.393341641,0.41976436,0.354432582,0.343116947,0.360407202,0.35644021,0.362137845,0.386802659,0.435460897,0.367149596,0.333459883,0.391490454,
153,0.34494157,0.39030508,0.339012996,0.403254933,0.365262674,0.530784253,0.365906225,0.379386412,0.378086553,0.402488942,0.382468596,0.377199706,0.365103515,0.339899253,0.383669614,0.357830235,0.444046049,0.42453781,0.406129486,0.421966596,0.375065943,0.332409708,0.420987474,,0.366250272,0.400693147,0.343727239,,0.349659568,0.355332465,0.347437469,0.359748282,0.34156229,0.378154593,0.41342765,0.416230149,0.481911051,0.396357672,0.469046462,0.376844278,0.417825094,0.432307283,0.399035752,0.385631982,,0.434741063,0.417563045,,0.451054255,0.42520503,0.383004104,0.400100959,0.397664679,0.409576285,0.342543159,0.37451582,0.39064712,0.36017472,0.401758391,0.39852776,0.34043375,0.374344833,,0.346712877,0.376020912,0.370898947,,0.362394123,0.35658861,0.402068497,0.316858673,,0.364202977,,0.405325229,0.413563262,0.356570258,0.343839038,0.360396522,0.374370488,0.374370176,0.38205072,0.427481001,0.363506487,0.331937925,0.403820693,
154,0.34321591,0.393971588,0.337213333,0.395669564,0.36448105,0.515421383,0.376467445,0.376110664,0.377468551,0.407869961,0.385896111,0.375522449,0.361306448,0.344852213,0.384270655,0.373011077,0.459766912,0.41490053,0.402218577,0.412381445,0.383854432,0.331748865,0.414630885,0.40249713,0.363178006,0.407808566,0.345559322,,0.349089802,0.354579512,0.342827298,0.357800185,0.343622606,0.386335875,0.412004866,0.423511144,0.496108745,0.388890313,0.485972787,0.378831499,0.414992059,0.42802269,0.415574811,0.375008704,0.448219509,0.426746027,0.420056048,0.411793985,0.456064072,0.419038021,0.3874378,,0.407213429,0.407011618,0.346108064,0.375903616,0.386201847,0.372558273,0.379757987,,0.341068803,0.373469298,,0.348630839,0.370056707,0.371963727,,0.352426834,,0.386490588,0.316600383,,0.366617184,,,0.414341656,0.35239373,0.343732873,0.359894981,0.358389791,0.363803774,0.383524909,0.425072147,0.36578709,0.332259471,,0.364442787
155,0.342267417,,0.337898124,0.393778845,0.363361399,0.50210534,0.378255763,0.372113722,0.380600857,0.395652113,0.384773746,0.37733376,0.370603681,0.344112027,0.385136702,0.365122516,0.445025102,0.421995026,0.420541609,0.416566987,0.379786616,,0.422424749,0.432286158,0.358505059,0.401343141,0.345424697,,0.349158914,0.355313689,0.345021315,0.360424011,0.33798621,0.37755252,0.399295892,0.42831349,0.519658461,0.3838092,0.467977151,0.374749126,0.407475548,0.424788095,0.418141394,0.380147106,0.449762026,,0.421486137,0.404210197,0.465679812,0.435512591,0.386409968,0.399116449,0.407251528,0.41536344,0.339200992,0.375289242,0.385205225,0.367694202,0.38100772,0.401248143,0.344051876,,,0.355163591,,0.373151096,,0.356209484,0.360201509,0.394450724,,0.331945554,0.362445095,0.355947429,0.40084208,0.415095679,0.350930449,0.342924056,0.359411722,0.370084083,0.373755712,0.371335845,0.421341643,0.36486296,0.330802883,0.403002167,0.360848087
156,0.343572992,,0.344367003,0.39483354,0.36376281,0.50324682,0.384001862,0.381661224,0.376849645,0.401108462,0.383437616,0.377955235,0.361710554,0.356788498,0.38584154,0.368877568,0.458496383,0.431360115,0.42005111,0.413717441,0.382026909,,0.41392023,0.425849676,0.36244338,0.399167311,0.344329504,,0.344473606,0.350723783,0.343779406,0.352580835,0.338756009,0.373878697,0.411663521,0.420209684,0.492608138,0.381774204,0.483256002,0.382307733,0.417154523,0.42966556,0.401254266,0.392082231,0.456910331,,0.410120999,0.398349439,0.462397795,0.425342123,0.38145814,0.412851325,0.397093042,0.420517843,0.34196452,0.375672897,0.384635149,0.379254742,,,0.342749392,0.375138245,,0.346503834,,0.367316939,,0.363896374,,0.383965866,0.316645761,0.333345968,0.366130993,,0.412422873,0.413448011,,,0.357608096,0.362601087,0.367107229,0.372854483,0.432392048,0.365241053,0.330864239,0.406615768,0.360597996
157,0.343989319,0.390308012,0.343837278,0.395910222,0.363207696,0.506996366,0.369789704,0.383949249,0.392447218,0.417301728,0.387251962,0.378428226,0.357518885,0.360757498,0.386491581,0.371035639,0.459528686,,0.425069689,0.416036971,0.383381865,0.336436101,,0.437993013,0.364327229,0.398412802,0.347310754,0.348213718,0.348057567,0.350262253,0.344434004,0.360703467,0.340979539,0.371650907,0.423069381,0.418638235,0.518157621,0.390057722,0.486286955,0.37512511,0.414821266,0.425495273,0.41708635,0.391126292,0.450696802,,0.418796984,0.409390361,0.457221688,0.417422248,0.387373991,0.416034596,0.411910223,0.420457158,0.341581745,0.375698984,,,,0.403053569,,,0.367323925,0.3465458,,,,0.356623409,,0.404833963,,0.333833862,,0.355957899,0.414455708,0.414538332,0.353123371,,,0.357835656,0.363971286,0.375713903,0.438452412,0.367395551,0.32993095,0.409729021,0.361069087
158,0.345422327,0.388280399,0.33856842,0.392314861,0.363628855,0.503545013,0.386714619,0.385201866,0.37868913,0.403144539,0.378499046,0.376819632,0.353874928,0.348291837,0.385363565,0.365395546,0.462184311,0.421891979,0.408510132,0.413747916,0.382170124,0.33264765,0.435751017,0.421872161,0.36505706,0.395928995,0.347799011,0.350472989,0.349188961,0.352126,0.345964976,0.359942715,0.341903457,0.379506525,0.442045492,0.417514048,0.493624386,0.392932304,0.489053254,0.371178964,0.404573221,0.42772574,0.406246058,0.388008292,0.446658637,,0.396818829,0.3897127,0.45609711,0.434768019,0.38670421,,0.403356441,0.40056362,0.340726678,0.374204313,,,0.382739226,0.4155435,0.347421621,0.377602021,0.369282746,0.348118254,0.376393739,0.379073984,0.364857811,0.361245057,0.362789076,0.390917811,0.312381247,0.333327812,0.374023155,0.357087965,,0.413342633,,0.343691383,0.357027309,0.357628336,0.363149148,0.37744326,0.425550834,0.366270156,0.332316491,,0.358732213
159,0.342867906,0.386219682,0.33744849,0.391682573,0.362000961,0.507663973,0.379936657,0.380911152,0.384682279,0.402287136,0.384551047,0.379325378,0.357999116,0.343091865,0.387546546,0.372836269,,0.411301547,0.418158068,0.41185428,0.383428077,0.332658766,0.411054453,0.427934609,0.36530051,0.409170966,0.348775813,0.340407982,0.349444191,0.352744169,0.343951086,0.362373335,0.324989106,0.380906837,,,,,,,,,,,,,,,,,,,,,,0.374810611,0.402043419,,,,0.348226872,0.384688053,0.370291037,0.349130708,0.375775497,0.379159131,0.365360419,0.358501572,,0.389158921,,,0.369253827,,,0.411627825,,,,0.362004151,0.365785155,0.366098698,0.434566626,0.367602319,0.331682221,,0.362164854
160,0.344215797,0.36660939,0.339822461,0.384959972,0.362401778,0.511579319,0.391958467,0.383133958,0.387526993,0.405705841,,0.380163664,0.355523766,0.368618298,0.386434541,0.373263128,0.451741836,0.417378382,0.425505189,0.409115662,0.382771172,0.333767582,0.41715654,0.430260246,0.363704384,0.404992796,0.348695146,0.349697386,0.349317543,0.352452987,0.343771706,0.360065306,0.340168462,0.385123769,,0.425880618,0.509111018,0.379550542,0.476942088,0.37932333,0.413930167,0.43206014,0.394940644,0.391933515,0.451664872,0.410660665,0.427680823,0.411624113,0.452549572,0.412565185,0.387258746,0.416522994,0.4184047,0.422743358,0.342847368,0.373698671,0.395532402,0.387190033,,0.404959002,0.349365225,,0.372115479,0.351760321,0.375883982,,0.36359542,,,0.396672132,,0.33545758,,,0.418202294,0.410653219,0.352909141,0.343924158,0.359145158,0.354434857,0.360498942,0.364544715,0.437068249,0.366342382,0.331374423,0.413655967,0.36092405
161,0.34341567,0.387638503,0.339064977,0.389479594,0.364740746,0.506484911,0.376446501,0.379017957,0.389691757,0.411841346,,0.37825733,0.360143129,0.3906032,0.38528565,0.37231424,0.454717832,0.433146422,0.418710689,0.404175502,0.385218247,0.332950054,0.432805994,0.422229648,0.361584083,0.400885869,0.351381158,0.356229351,0.346757353,0.352092983,0.344101337,0.356761029,0.343143271,0.378804546,,0.421071264,0.503401622,0.36363198,0.477635341,0.374654022,0.414133788,0.455166831,0.412152979,0.391374245,0.444374881,0.417208238,0.40667419,,0.455023975,0.432141273,0.389892486,0.432255778,0.409095759,0.422037009,0.343653461,0.373669409,0.393068536,0.377244667,0.3880663,,0.352677135,,,0.35306063,,0.372216034,,0.3562143,,0.391541515,,0.336584759,,,0.427020518,0.408839392,0.355318325,,,0.364327487,0.366800079,0.38155069,0.437752608,0.37368382,0.329195214,0.418616683,0.359816964
162,0.34291762,0.380198121,0.338142495,0.392907699,0.362077412,0.512721661,0.389682246,0.390041943,0.389457518,0.415433638,,0.379364432,0.361086031,0.361242979,0.386869032,0.372493075,0.451026198,0.428714018,0.419308549,0.406991493,0.383533407,0.334127959,0.430577104,0.417518661,0.360816622,0.400293601,0.350898225,0.362018608,0.348012153,0.355293497,0.344382151,0.353300504,0.337676887,0.385238725,,0.417942503,0.514416311,0.374860923,0.473752797,0.376588801,0.414006878,0.449544486,0.413379707,0.387476084,0.446714557,0.420389135,0.414758448,,0.462624077,0.41851913,0.388636628,0.42589134,0.410890734,0.422273494,0.343990224,0.373944508,0.399743779,,0.384086246,,0.351950112,,,,0.373681378,0.360208186,0.363795039,,,0.388041392,0.355155056,0.335926411,,,0.424188226,0.407853401,,0.342696213,,0.362939406,0.366153088,0.365249755,0.435592531,0.365398552,0.329203334,0.418322154,0.361327655
163,0.344253933,0.383147834,0.340441205,0.392506959,0.360882844,0.506235344,0.396137844,0.387770821,0.400068418,0.412379811,,0.378774091,0.36107211,0.374382183,0.386689743,0.372693618,0.455034139,0.395091093,0.423819866,0.403706777,0.384088818,0.33263704,0.39497899,0.422166472,0.361655459,0.396365193,0.352592197,0.356086825,0.34857923,0.355793288,0.345272922,0.356344587,0.340130901,0.382186368,0.435564757,0.418699458,0.486198853,0.379837681,0.476329594,0.377320572,0.409959746,0.423775202,0.408004944,0.383520865,0.456015375,0.403217943,0.416332028,,0.459163258,0.428308502,0.389383359,0.425490771,0.412448174,0.421713662,0.349991161,0.371040184,0.398066379,0.378382181,0.396755705,,0.35663201,,0.372739516,0.354307177,0.375159458,0.37500296,,,0.360066921,0.385129173,0.35367396,0.337218878,0.369818638,,0.423951677,0.406158383,0.351083355,,0.356173745,0.361239288,0.364292748,0.371968162,0.435316928,0.369823464,0.331438149,0.413944285,0.361200509
164,0.340225382,0.388178739,0.337691061,0.391054745,0.357346829,0.511016984,0.397888802,0.373562259,0.398985399,0.413328116,,0.377317145,0.361832674,0.363105609,0.386200067,0.371358641,0.460165567,0.430243961,0.414511702,0.402721727,0.386017118,0.331649596,0.429974736,0.417058814,0.360671236,0.406643348,0.355200016,0.358753636,0.348990709,0.352678946,0.346801245,0.359101084,0.341182987,0.380012503,0.438098764,0.42576696,0.507713779,0.372802181,0.482188703,0.377987829,0.403746591,0.426240826,0.409261554,0.382004222,0.449491947,0.405747089,0.414714932,,0.472959541,0.425758305,0.389195955,0.421605281,0.415254017,0.415607562,0.342988568,0.37228873,0.399998184,0.389160412,0.39464544,0.400000833,,,0.376666204,0.359148386,,0.37703539,0.369824908,,0.360978268,0.394993487,,0.340643711,,0.354814037,0.420921648,0.402763956,0.353489531,,,0.363177532,0.366100877,0.387937712,0.426786503,0.366220484,0.330895277,0.414817109,0.360143877
165,0.34427383,0.386269078,0.338058035,0.390576206,0.360851083,0.527424399,0.39933063,0.392391039,0.412374868,0.415158676,,0.37705731,0.355617522,0.367449726,0.386480771,0.369622422,0.459975717,0.408534692,0.407095913,0.395977602,0.384663069,0.335519391,0.408385639,0.413372431,0.363799226,0.39756642,0.356148155,0.358013595,0.349784401,0.353097242,0.345734157,0.357147288,0.340673302,0.383828083,0.419755414,0.425516055,0.513073105,0.3688041,0.486272671,0.370839326,0.404227771,0.423305996,0.409218613,0.382006124,0.450014218,0.408417689,0.41759159,,0.455778894,0.419961838,0.388746666,0.426152562,0.418660877,0.417477125,0.341929022,0.371063847,0.386335727,,,,,,0.378285635,0.35957349,,0.374155883,0.373373049,,,0.393890216,,0.339488751,,0.361049796,0.420522205,0.397310271,0.354277991,0.347834023,0.353245816,0.35695777,0.361392904,0.381783622,0.432152396,0.363418793,0.332056935,0.42180305,0.361495452
166,0.344871799,0.369265349,0.338739886,0.386961816,0.361990428,0.530096077,0.391600637,0.406290982,0.40294078,0.414820145,,0.380379678,0.356883285,0.367743026,0.386937106,0.368435262,0.451314929,,,0.402909174,0.386031311,0.33349395,,0.42681411,0.368660097,0.403606818,0.359694059,0.359612636,0.349187122,0.354106734,0.345202651,0.353383173,0.33778268,0.383856095,0.432822092,0.430815727,0.48840006,0.365087271,0.490167695,0.360483814,0.411619541,0.43161099,0.391671626,0.384805175,0.449136329,0.408964369,0.413493096,,0.460859088,0.425365763,0.389604786,0.42980421,0.409699031,,0.346644751,0.372080707,0.382189959,,,,,0.379587611,0.371109986,0.364312997,0.373729028,,,,0.363847655,0.378474629,0.357159989,0.340901267,,,0.430235923,0.402880466,0.353040488,,0.354160779,0.358771342,0.364613323,0.375313865,,0.363018927,0.328421029,0.420170372,0.361479021
167,0.348782942,0.380968188,0.343776024,0.391525612,0.356107768,,0.396830297,0.39388127,0.402832673,0.429816465,,0.382071754,0.359532981,0.381834766,0.389134163,0.361361795,0.447280963,0.402665789,0.422036659,0.399064551,0.384332397,0.332890781,0.402529531,0.42367299,0.355231701,0.394441665,0.35840449,0.358922562,0.348271895,0.356416273,0.346567205,0.357033106,0.333597269,0.381308642,,0.416120921,0.484944485,0.367667385,0.473605438,0.368897126,0.411310246,0.421871809,0.399539746,0.380163691,0.449405611,0.411879938,0.419726152,,0.460976949,0.418342152,0.388584212,0.424329433,0.417094706,0.419678431,0.343384423,0.370666741,0.391620845,0.406745966,,,0.35567853,0.386672746,0.380216821,0.358823538,0.377390272,0.375771722,0.375285943,,,0.395595585,,0.337580259,0.366876157,0.357644096,0.423055671,0.398339324,0.354876898,,,0.36210631,0.366424506,0.380703416,0.435640768,0.361340734,0.330561875,0.412053828,0.359178091
168,0.345394892,0.387468463,0.339402981,0.388347811,0.35592103,0.522624957,0.395643283,0.398487629,0.412787858,0.406799937,,0.378935388,0.353887941,0.368525438,0.387793244,0.364271609,0.460256276,0.430236047,0.410476047,0.400392063,0.380934691,0.334859837,0.429821541,0.402563424,0.365599888,0.395030278,0.35932493,0.35966503,0.34967321,0.355288001,0.345666973,0.359361166,0.338668884,0.382162954,,0.421144359,0.510200501,0.378196402,0.484616811,0.370246593,0.409851764,0.424406319,0.409888154,0.380897196,0.44339439,0.39991358,0.419060609,,0.462890866,0.414161481,0.384924709,0.423381432,0.412177624,0.413278742,0.341783985,0.374214901,0.378417295,,,0.40264788,0.357801696,,0.377883915,0.366928635,0.383864451,,0.383927976,,,0.381033778,,0.341013663,0.367616994,0.356751339,0.421504966,0.40149406,0.353952881,,0.352528232,0.349954096,0.356395081,0.378933327,0.432283064,0.365726005,0.330814263,0.41372273,0.361014865
169,0.343835209,0.380014791,0.343884262,0.386053662,0.355248897,0.519493276,0.396106492,0.402488386,0.40376092,0.419082451,,0.378865551,0.36030432,0.378368446,0.38739226,0.361316605,0.457585366,0.426501556,0.418115676,0.397332713,0.383724787,0.330882629,0.410151828,0.405568712,0.358714146,0.404275898,0.359629856,0.369248293,0.349475233,0.352955646,0.345079491,0.355140461,,0.378741866,,0.415220249,0.494042509,0.373644779,0.479050795,0.372933766,0.402101713,0.426846632,0.39361952,0.385678564,0.44447394,0.352870127,0.400821794,,0.455395228,0.41596796,0.38598291,0.423359048,0.412063876,0.40232727,0.342784261,0.37189388,0.377383726,0.393836421,,,0.360798223,,,,,0.372108219,0.378765581,,0.362980581,0.390477499,,0.340170098,0.368320842,,0.424177671,0.401461045,,0.343666093,0.353663531,0.361450699,0.365695889,0.375740594,0.42491095,0.370484227,0.331301657,0.416520719,0.362443762
170,0.344153693,0.379502132,0.347616676,0.384031467,0.356116611,0.509606931,0.395095886,0.403998885,0.420343064,0.421330795,,0.377970564,0.348670185,0.378301302,0.385864568,0.363971943,0.461052461,0.436648659,0.42010837,0.403391336,0.386042683,0.333827631,0.438228743,0.399641793,0.36517978,0.39826679,0.361164571,0.37256094,0.348824568,0.354891243,0.344678474,0.356848811,0.336963079,0.37977293,,0.419344158,0.505738876,0.374295214,0.483892751,0.371366079,0.399724154,0.432003878,0.403111232,0.380678569,0.446963046,0.389649725,0.414910478,,0.455345116,0.42509191,0.390533137,0.417258255,0.412926714,0.419401656,0.341636437,0.370205252,0.380539588,0.40669313,0.388064427,,0.358598951,0.385633423,,0.357549301,0.377846807,,0.376714185,,,,,0.343567782,,,0.414770445,0.402806295,0.353842038,0.342017968,,0.360725932,0.366936583,0.376126741,0.437608461,0.365810006,0.331736761,0.407874284,0.363226736
171,0.340694724,0.385433142,,0.388594173,0.356299371,0.506372609,0.397435877,0.395241688,0.415861482,0.410503586,,0.379551522,0.352858938,0.404431026,0.387298341,0.363691483,0.444795384,0.417727621,0.404031803,0.400911546,0.383263827,0.334177657,0.408431921,0.407138421,0.363444297,0.404973685,0.362331277,0.369011994,0.349134049,0.354235403,0.344989408,,,0.392745689,,0.419554996,0.501648553,0.375664172,0.466449269,0.36709514,0.403336554,0.416756522,0.408405388,0.387888746,0.443737352,0.399300716,0.415705838,,0.454599875,0.427447822,0.384250835,0.432989979,0.416857137,0.401822937,0.340411229,0.372467215,0.379938509,,,0.394783565,0.355901096,,0.37622853,,,0.374421652,0.37975718,,0.359090916,0.380154945,,0.34045982,0.365285375,,0.429186251,0.400323504,0.353436649,,0.354217996,0.354289831,0.360453291,0.373724921,0.434505688,0.372891859,0.331782076,0.428684683,0.360741927
172,0.344715941,0.384133817,0.339583795,0.387287865,0.355378264,0.515284242,0.371298702,0.403739566,0.414601867,0.425478542,,0.380314931,0.359624821,0.391312243,0.388913625,0.365760128,0.44618225,0.438574324,0.421246232,0.400891647,0.383327796,0.332887008,0.416782095,0.409923622,0.363724045,0.400421342,0.362078614,0.370401167,0.349039642,0.351451055,0.34632939,,,0.387892126,0.432742389,0.423633146,0.498316832,0.373046655,0.472768679,0.366377462,0.422254071,0.431363427,0.410428068,0.391529363,0.445779862,0.408978474,0.394609551,,0.45211273,0.421928918,0.386185979,0.419778926,0.410548435,0.425352101,0.348451161,0.366279535,0.381900334,,0.395187852,,0.358541315,,,,,,0.376878358,0.35852979,0.363286027,0.395526605,,0.340394921,,,0.419974085,0.394723203,0.355865352,0.344959814,,0.351784047,0.356804198,0.37079972,0.434491496,0.365962877,0.331053692,0.414170884,0.366129725
173,0.346598196,0.38503692,0.341768737,0.387411529,0.352036005,0.531289368,0.397196681,0.402510817,0.409958195,0.42370655,,0.378812918,0.351661659,0.396250679,0.389181059,0.364863975,0.456573811,0.417509815,0.412353517,0.397338688,0.382308572,0.331119603,0.417272975,0.410303344,0.363245421,0.409371681,0.36316846,0.371001997,0.348463923,0.352711215,0.345198094,,,0.382592372,0.436258526,0.419905543,0.499252954,0.3753789,0.479778182,0.37078498,0.414394682,0.431641913,0.401124946,0.3796876,,0.411440202,0.407360523,,0.445838768,0.429460552,0.384545464,0.419267583,0.416030211,0.421451792,0.340977306,0.369716845,0.382347289,,0.365894752,0.395406902,0.355309072,0.382101959,,,0.37533567,0.370228685,0.382336577,,,0.377677699,,0.345263832,0.361129066,,0.413048946,0.397618458,,,,0.351193724,0.356051867,0.378279288,0.434227634,0.368598652,0.331039179,0.419387575,0.361826536
174,0.343995652,,0.344803335,0.388244959,0.355055615,0.533598201,0.407081268,0.39620412,0.425234643,0.425429001,,0.381219008,0.367328535,0.401851779,0.390263399,0.358968858,,0.425394376,0.420329538,0.395317647,0.382814729,,0.426160777,0.402417243,0.356725974,0.396492016,0.363014077,0.379372201,0.347437134,0.352048274,0.345456848,0.355245697,0.340413619,0.379864911,0.430443198,0.427671881,0.48879086,0.375447481,,0.370494465,0.411885943,0.426943378,0.405830217,0.384079769,0.437840488,,0.396442838,,0.469214648,0.417042924,0.386099582,0.4248669,0.416560833,0.401918592,0.341406868,0.36935553,0.379379309,,,,0.357116947,,0.377150333,0.3734138,,0.372409732,,0.353143814,0.357735263,,,0.338734694,0.360822186,,0.423702511,0.396398043,0.358044198,,,0.370612073,0.379330053,0.369848006,0.426623915,0.368337098,0.331648606,0.417979975,0.360958638
175,0.344362742,0.383835026,0.339871017,0.38555065,0.355156427,0.528594761,0.394685527,0.404144474,0.415699147,0.416070445,,0.378482578,0.357894311,0.403743456,0.384931554,0.371031675,0.458804821,0.430592062,0.416556858,0.395174197,0.384663544,0.336569639,0.430292515,0.403189517,0.365272728,0.405681978,0.362900233,0.37466832,0.346135918,0.350170634,0.346100813,0.35143421,0.342107196,0.374382242,0.411020694,0.4228336,0.515687608,0.373445137,0.481164426,0.368018193,0.400340867,0.420635174,0.407964414,0.382336849,0.444160492,0.408348139,0.416689934,0.407866513,0.450985002,0.431869628,0.384619796,0.420615736,0.412101514,0.410996973,0.340701408,0.371018968,0.393003005,,0.381407248,,0.36080745,0.38239002,,0.378966696,0.3822672,0.369659613,,0.357408297,,0.389359159,,0.338511555,,0.35746978,0.419775178,0.395523418,0.388578702,0.342340094,,0.359938308,0.364625239,0.375630261,0.437768429,0.361281239,0.331990732,0.411853155,0.363583573
176,0.343995313,0.381550737,0.344415208,0.385806239,0.352905771,0.524392823,0.398054432,0.398884921,0.407694091,0.423703345,,0.380589884,0.358517699,0.395619828,0.390395547,0.365455417,0.449343516,0.425343332,0.414808305,0.397632843,0.385046279,0.332506179,0.423467898,0.401783994,0.363958071,0.404638342,0.363267709,0.374825031,0.347694518,0.35155501,0.3441225,0.353544689,0.338025124,0.372620676,0.428830461,0.420388962,0.506785965,0.374488404,0.469787989,0.361116808,0.399423105,0.418162622,0.406043207,0.385726939,0.442052651,0.405010174,0.405429294,0.395535907,0.451445611,0.432785467,0.387460094,0.412839654,0.415115352,0.418647322,0.340101914,0.368549174,0.393129677,0.392879964,0.376890695,0.389982276,0.359254055,,,0.381349343,0.378599016,0.369784453,,0.360505172,0.362104345,0.383779193,0.357125014,,,0.356504689,0.416544732,0.39778211,0.388698372,,,0.353869955,0.357599509,0.371011001,0.4334796,0.363894803,0.331588698,0.413105167,0.359934806
177,0.345430506,0.385407227,0.341916022,0.382149663,0.353903892,0.530776263,0.402331599,0.404008964,0.41219083,0.42340878,,0.379400183,0.353552329,0.391339413,0.387988782,0.363252939,0.438815669,0.43483849,0.420412989,0.395490733,0.385186169,0.331022255,0.433867402,0.402952067,0.364808452,0.404881393,0.364018208,0.37682699,0.348658532,0.350833208,0.346070451,0.35270135,0.33610999,0.376914953,,0.417371663,0.492870971,0.372490279,0.457626781,0.350974581,0.38490047,0.425321298,0.400408465,0.372945812,0.444784695,0.408916218,0.404877032,0.405031052,0.450833987,0.416448607,0.389584656,0.410284145,0.413493839,0.419136232,0.340901428,0.367231352,0.391125961,0.388755903,0.378803179,,0.358438872,0.384288023,,0.383436662,,0.370560103,,,0.359487712,0.380369077,0.361557016,0.343414297,,0.358455585,0.415455499,0.393026719,0.380351694,,,0.358554403,0.36632199,0.369413973,0.43671855,0.367457411,0.331366194,0.413056837,0.361061956
178,0.339066748,0.38388845,0.3409264,0.381618282,0.352692713,0.525114773,0.392896385,0.400917998,0.41757241,0.425020857,,0.379621171,0.361787357,0.388271544,0.386809858,0.352938753,0.43987935,0.400269678,0.414719023,0.395904328,0.386618679,0.333673943,0.408820932,0.390001958,0.363905831,0.402675973,0.362377769,0.383304915,0.349152965,0.35175069,0.344786021,0.353063613,0.334593422,0.375662366,0.425617629,0.417512821,0.496770011,0.376522274,0.460402024,0.363671354,0.400561489,0.412988127,0.403802298,0.377909237,0.442350603,0.396759424,0.413185265,0.405894534,0.450020089,0.409269674,0.391028147,0.420469355,0.406510049,0.414750905,0.34392407,0.371708969,0.37724898,,,,0.359656749,,,0.38431004,0.380628917,,,,0.354437519,0.386205764,,0.342994363,0.368528985,,0.419756947,0.394333457,,,0.350101212,0.362201031,0.367613767,0.375703502,0.436987683,0.363343769,0.332356239,0.41147651,0.360994831
179,0.348164065,0.356062021,0.340088863,0.381286146,0.352126943,,0.388221105,0.402084908,0.405449197,,,0.372522342,0.357126026,0.393911276,0.376981636,0.352650524,0.435361905,0.434353445,0.420384983,0.390677372,0.382866805,0.332735755,0.43325607,0.398862102,0.357222387,0.407804419,0.36268175,0.374942776,0.349409309,0.350157487,0.343317827,0.353742064,0.342031319,0.374007203,0.429911586,0.425792296,0.506563741,0.3739484,0.461409165,0.358246218,0.392961403,0.416968971,0.399409443,0.378668912,0.454107258,0.398758643,0.414838288,0.403039881,0.439108285,0.418210737,0.386726798,0.420213481,0.408509685,0.420284303,0.334672442,0.369077605,0.389596583,0.378816637,,0.389809821,0.359946509,,0.374446389,0.387088104,,0.369581958,,,0.353388131,0.374906347,0.3583198,0.340883172,0.368907477,0.356766428,0.421324259,0.392407271,0.384983092,,0.351285257,0.356734106,0.361815437,0.371596521,0.433337758,0.367791498,0.331758639,0.417503419,0.360989199
180,0.339770476,,0.339954328,0.379961449,0.353509909,0.523000178,0.393686466,0.401540645,0.42334203,0.422494844,,0.38147976,0.352673408,0.395937751,0.390280677,0.361656915,0.431398831,0.412741081,0.408580501,0.388606172,0.37857027,,0.414902764,,0.36238677,0.397297217,0.362641215,0.377385771,0.34839764,0.349505337,0.345776325,0.351455292,0.342344991,0.371464989,0.424399049,0.410237618,0.483136571,0.331320728,0.451678567,0.359164537,0.394535054,0.41060979,0.398898229,0.383399076,0.440601104,0.402692752,0.41114265,0.40696392,0.445028211,0.427944658,0.382045606,0.423348045,0.405853036,0.410195451,0.337964464,0.368002004,0.391000766,0.371882169,0.368424927,0.389697562,0.365032497,0.38131919,0.373631434,0.387174643,0.377528391,0.363156318,0.36878895,0.348358431,0.356566609,0.377765958,0.360240179,,0.370210309,0.356392833,0.422200654,0.391536855,0.388915758,0.342506742,,0.349570121,0.35499748,0.37224518,0.425075967,0.36133009,0.330807848,0.416295548,0.362646121
181,0.348687835,,0.338332886,0.381399154,0.350799965,0.504823953,0.396914235,0.397231434,0.409669176,0.420232829,,0.381526744,0.356314903,0.392706766,0.389979468,0.359711055,0.461951467,0.413363284,0.407997364,0.391544449,0.381458259,,0.402639167,0.383233086,0.364767715,0.395053291,0.362688217,0.381881977,0.347828531,0.349840346,0.345619465,0.351703978,0.341005694,0.366678815,0.432126952,0.41446197,0.490464098,0.352155795,0.489077636,0.366444182,0.395938827,0.422615976,0.40613287,0.37595993,0.447925995,0.387194569,0.375518106,0.369633255,0.447889017,0.428610913,0.385351382,0.416836718,0.408947277,0.410183873,0.340054106,0.367422492,0.396224861,0.366265317,,0.400799227,,0.374118176,,0.376529233,,,0.371969455,0.347965544,0.354654607,0.382157136,0.360214448,0.339413809,,,0.417992859,0.391185,0.376112996,0.34329553,,0.355932734,0.36024521,0.364027865,0.426499515,0.360076836,0.331862355,0.4110601,0.359752791
182,0.344548864,0.357796809,0.338024202,0.383194172,0.351553609,0.503179686,0.399335357,0.396893772,0.420810721,0.420020933,,0.382082418,0.353728961,0.386922971,0.390252854,0.36940675,0.445984217,0.403008838,0.364279126,0.387677286,0.382959986,0.334997447,0.402452096,0.394068379,0.361907532,0.388172558,0.364456061,0.380938817,0.349468574,0.350378993,0.347606386,0.351580284,0.339080579,0.368908022,0.415519471,0.424548733,0.475924505,0.361069399,0.464378966,0.371691337,0.408654988,0.420033264,0.39679807,0.3769169,0.449065488,0.389614646,0.398162636,0.392530068,0.450282209,0.426780339,0.386032562,0.411732958,0.42570577,0.3841444,0.34134318,0.369094047,0.379523801,,0.384448251,0.384489559,0.36035438,0.374967494,0.376579932,0.382817635,,,,0.34769577,0.362070858,0.381754071,0.362842791,0.341341691,0.37020596,0.357215143,0.412875157,0.388971259,0.380812617,0.344638743,0.353940925,0.35008887,0.355170341,,0.415039219,0.360932622,0.328862102,0.411653152,0.360349693
183,0.343034581,0.384988033,0.339158254,0.383590542,0.352763346,0.505241091,0.396870879,0.400903744,0.418080578,0.415589713,,0.380656679,0.357619201,0.394577923,0.389292273,0.363231506,0.445139441,0.417528331,0.406881563,0.392263532,0.381891647,0.334534569,0.401977423,0.384499275,0.364672311,0.387577749,0.362384462,0.378948118,0.346883502,0.350584966,0.344164219,0.353831278,0.338188992,0.372173494,0.42257176,0.420177349,0.505223945,0.369605719,0.463927102,0.358484109,0.391620645,0.421919019,0.407733042,0.37247845,0.4412687,0.398229311,0.409631775,0.405846165,0.450735257,0.421993264,0.387018523,0.414527526,0.414576492,0.407238936,0.339019057,0.369712368,0.380538129,0.385210608,0.381308835,0.393760017,0.360927478,0.377728706,,0.37639087,,0.368127655,,,0.359487143,,0.356704818,0.346733305,0.369853165,0.357086583,0.415821894,0.393194675,,,,0.35568794,0.359660284,,0.426123036,0.362341408,0.331683197,0.412806016,0.358126854
184,0.340367997,0.385187285,0.338573279,0.382895554,0.350770428,0.513485214,0.39380633,0.399069366,0.41775258,0.403157079,,0.378629436,0.354008445,0.383523959,0.38830503,0.367980234,0.460010993,0.335481047,0.411248556,0.388487875,0.383912427,0.330800243,0.397590234,0.393815614,0.362890563,0.390872773,0.361906897,0.382885338,0.348175117,0.352623755,0.345802084,0.349650897,0.339010061,0.367988517,0.390241703,0.420614759,0.505318489,0.370037263,0.489068425,0.363622947,0.392920387,0.420333788,0.407295087,0.382335329,0.441978811,0.399696729,0.401212572,0.395440142,0.437626815,0.425640121,0.386803726,0.416864674,0.411150613,0.421379089,0.339508976,0.362537017,0.374289812,0.381738022,0.373208181,0.394460899,0.358953282,0.375439345,0.377451572,0.377110964,,0.366638269,,0.350177956,,0.377124965,0.363124819,0.345040641,0.369402467,0.355218892,0.416379819,0.388723376,,,0.354898715,0.352162232,0.357043238,,0.428840952,0.360966726,0.331183163,0.413170868,0.359765208
185,0.345356568,0.38228482,0.340231705,0.386220974,0.352325237,0.511646208,0.396917389,0.393200318,0.412447063,0.410248344,,0.38115994,0.356632506,0.370189766,0.388618807,0.353688571,0.444482091,0.337410554,0.415400962,0.389495894,0.381968685,0.332683119,0.335839636,0.393154867,0.361312568,0.393765512,0.361691376,0.379664399,0.348305727,0.350251211,0.343682313,0.351774541,0.343788118,0.368137256,,0.413408212,0.483466124,0.328434103,0.46884047,0.362219552,0.39956605,0.415766518,0.396379579,0.377504137,0.442421808,0.402871278,0.399021011,0.395085303,0.44157542,0.413576172,0.384870196,,0.402596451,0.41028596,0.34600532,0.368689955,0.380119173,,,0.392561738,0.362983609,,0.378450175,,,,,0.346637989,,0.389460096,,0.341611393,0.374034612,,0.413056643,0.389782268,0.384977708,,0.355488523,0.354993208,0.359166181,,0.434362047,0.365174992,0.328627493,0.407489532,0.359828411
186,0.34200359,0.373973381,0.338670228,0.382860924,0.350529507,0.495565099,0.399128835,0.398564922,0.40764953,0.424923057,,0.381650342,0.355079844,0.388187625,0.388978484,0.367939238,0.448600569,0.407349924,0.411384609,0.389438411,0.381973952,0.331442755,0.399023022,0.37581285,0.358439421,0.394080912,0.359995759,0.377327719,0.349211881,0.347754243,0.345477305,0.350055382,0.331329899,0.375751527,0.418970509,0.420864924,0.49172583,0.359051009,0.467014122,0.363631967,0.387604581,0.416406685,0.401313896,0.380558564,0.452324037,0.40801969,0.39928269,0.3948875,0.442469692,0.428917253,0.384172994,0.414902778,0.405358939,0.421903407,0.337627159,0.365076147,0.381631084,0.417499263,,0.397267261,0.366018346,0.375662752,,0.371652337,,,,,,0.394686293,0.36011675,0.342234906,,0.354626003,0.415068725,0.386834269,0.381463785,,,0.356181996,0.359867901,,0.43385753,0.363980338,0.330426129,0.407782,0.354775176
187,0.344333653,0.376424768,0.342078077,0.378153611,0.34993025,0.495106862,0.3965388,0.39701892,0.415848823,0.41737528,,0.38087663,0.353948805,0.380342425,0.390252266,0.367599005,0.446579628,0.388457925,0.4079135,0.389760797,0.382192132,0.331430396,0.389171599,0.389299664,0.354975055,0.381079699,0.362816265,0.387581586,0.347980394,0.351999591,0.346154043,0.347451164,0.33867885,0.357706374,0.420767655,0.420709975,0.503535202,0.352360531,0.471262843,0.363444514,0.390273451,0.415074883,0.404360103,0.376725526,0.442059469,0.410401787,0.390078758,0.389916885,0.450509009,0.425036554,0.386563848,0.404039227,0.409152955,0.405972447,0.342218131,0.370048195,0.388711608,0.373026035,,0.382975,0.365579898,0.365111475,,,0.367225709,,0.366455158,,0.357480261,0.370386731,,0.347969508,,,0.402272555,0.391979825,0.378422359,,,0.355117716,0.358873051,,0.424139197,0.361278742,0.330138416,0.403739107,0.35920183
188,0.345024904,0.376164514,,0.383697459,0.351777333,0.489592865,0.392031754,0.398251378,0.419547417,0.416372737,,0.378244407,0.351907258,0.396993365,0.388566114,0.368655449,0.44002786,0.409080715,0.416639625,0.386727033,0.378769634,0.332500071,0.403657207,0.395034768,0.361174082,0.391049234,0.362865143,0.389342418,0.348747774,0.350191634,0.346005373,0.348893238,0.334101063,0.372663824,,0.414886056,0.484833373,0.360432415,0.460764609,0.362018631,0.383884137,0.415310855,0.39479888,0.354222124,0.44140344,0.389862834,0.407645102,0.386033275,0.445300687,0.431847379,0.384432807,0.424277447,0.420602003,0.398238165,0.341515604,0.36522292,0.3902021,,0.379518472,,0.365717953,,0.373184795,0.372197507,0.364034216,0.368265977,0.376918581,,0.358817994,0.379204509,,0.341545988,,,0.423723245,0.385612269,0.378576815,,,0.352256641,0.35685416,,0.424613064,0.36452129,0.329305309,0.413946388,0.360089787
189,0.343765093,0.386760059,0.338768865,0.379967868,0.349495847,0.524101144,0.391241588,0.392123879,0.407716759,0.418277271,,0.380170157,0.356385895,0.394407299,0.388557,0.360647652,0.432550922,0.408335542,0.41863429,0.385948242,0.381588429,0.331578393,0.403645547,0.398675731,0.35679692,0.391760553,0.361694641,0.380149068,0.350887438,0.347943415,0.345603886,0.345240329,0.335840914,0.369537273,0.418067452,0.418408271,0.506192212,0.366084114,0.451879956,0.360636303,0.39497121,0.410339158,0.406204023,0.369843918,0.44079947,0.388109885,0.405780966,0.405409548,0.442613428,0.417098947,0.384871535,0.408101122,0.410683657,0.41791583,0.342882044,0.367633829,0.383689132,,,,0.363765248,,0.379772824,0.372399413,0.368104625,,,,0.355968614,,,0.345960868,0.374287276,0.357187766,0.407746938,0.384990012,0.386340983,,,0.353409107,0.359141663,,0.436020525,0.366698751,0.328640416,0.404447503,0.363878316
190,0.341523315,0.371474035,,0.381809688,0.350164472,0.505151131,0.395400012,0.396236758,0.415675988,0.415974303,,0.379822081,0.353086595,0.38223882,0.387041851,0.361899824,0.443287771,0.418618014,0.420763469,0.387811955,0.381900647,0.332225408,0.424987858,0.398132509,0.355950398,0.391662569,0.361538671,0.37981103,0.350114719,0.34929879,0.346101137,0.348730387,0.342246358,0.368118253,0.433173414,0.418126491,0.490644416,0.361745634,0.467985008,0.35882427,0.39810325,0.416230944,0.398412697,0.376939896,0.440255274,0.392518099,0.399853505,0.404726693,0.439336711,0.411288489,0.384992852,0.415104182,0.402533241,0.420451826,0.338905907,0.367464477,0.385941906,,,0.383481449,0.365355004,0.374336068,,0.373888385,0.368656943,0.366701812,0.362815916,,0.354641919,0.379243453,0.360604925,,0.373709647,,0.41318043,0.386517351,0.382625197,,0.357551871,0.350924212,0.355181036,,0.437963222,0.359804926,0.331566863,0.407437452,0.36376995
191,0.343561385,0.376756578,0.339658007,0.379099853,,0.504635601,0.395433899,0.392879481,0.409933978,0.415966985,,0.378364614,0.351548811,0.378786796,0.387049351,0.370406494,0.446290513,0.424906186,0.410809462,0.385812336,0.374647577,0.331459901,0.423236873,0.395360047,0.358981244,0.389055844,0.360737101,0.384491768,0.349628158,0.348512746,,0.353339725,0.336972695,0.369056753,0.415913875,0.41561035,0.497748192,0.368776783,0.469045735,0.361607032,0.397945042,,0.399871463,0.371887332,0.441052775,0.406198008,0.40446738,0.403982851,0.439720352,0.424095469,0.383310168,0.41863441,0.411238886,0.41632008,0.333545099,,0.383304602,0.394947893,0.380240667,0.386131658,0.363700231,0.375933338,0.380346836,0.373555711,0.37222542,0.367363293,0.364423236,0.348665826,0.353393786,0.391074689,0.359673499,0.345758817,0.376149797,0.354586433,0.417796614,0.386116967,0.380398445,,0.355322087,0.348930639,0.354324598,,0.431296912,0.360355291,0.331935588,0.40984782,0.366378647
192,0.344992025,0.378813929,0.338632365,0.383374105,0.352092942,0.490597433,0.394369363,0.389712868,0.407055795,0.408666609,,0.376600719,0.351606714,0.374974287,0.386084926,0.371452264,0.455333989,0.389339583,0.419888126,0.380892025,0.371385799,0.331026751,0.392420948,0.380986603,0.36041921,0.39635005,0.360623685,0.383894011,0.349485117,0.352709728,0.345886116,0.351408659,0.341125336,0.366179116,0.424208761,0.419476028,0.500476584,0.36383052,0.48147686,0.362136445,0.392577548,0.416566225,0.399935193,0.385902909,0.443256333,0.40544622,0.405387305,0.40394943,0.438766666,0.426135589,0.382321508,0.414124644,0.401486514,0.42407152,0.340072129,0.370315569,0.380874655,0.407247279,0.386418035,0.388639555,0.363562094,0.376286612,0.375393386,0.379286467,0.368234703,0.372037315,0.364146489,0.355548057,0.355484418,0.391954374,0.361700233,0.346844432,0.378567414,0.353051925,0.410464212,0.384035122,0.382232522,,0.355350818,0.352831323,0.356955359,,0.443404737,0.363455997,0.332178023,0.408557815,0.364460619
193,0.343601955,0.374485452,0.337690637,0.376143321,0.35161456,0.489704058,0.392876333,0.393559682,0.404347848,0.404795833,,0.377970997,0.362019836,0.385315811,0.386692609,0.360588905,0.448605079,0.414743677,0.407880127,0.38037717,0.377154773,0.331583029,0.412715259,0.387578827,0.358099076,0.398471305,0.360955701,0.372693504,0.348406972,0.347172837,0.345646833,0.35168211,0.341086122,0.371128366,0.398663408,0.420853281,0.501681926,0.367308121,0.470702878,0.364895082,0.387764922,0.417877034,0.406160219,0.386452901,0.445096366,0.395712982,0.406790673,0.404854354,0.442375574,0.418135442,0.389250856,0.428010204,0.40685508,0.404237922,0.34665199,0.368517715,,0.400240245,0.388204072,0.389902299,0.363232682,0.372982097,0.37725249,0.385358702,0.36185128,0.373298116,0.361626094,0.352449641,0.354824029,0.382157361,0.360318865,0.344360171,0.380734428,0.355630536,0.435159977,0.385994993,0.385332049,,0.355918207,0.360602073,0.365547433,,0.424109213,0.368348059,0.330368766,0.438154287,0.365421663
194,0.343364809,0.368419824,0.341646899,0.379050829,0.351162592,0.49568323,0.394069595,0.39602767,0.413520369,0.413852553,,0.379491533,0.358923149,0.37946823,0.387445062,0.365903849,0.440061247,0.417890287,0.418334417,0.384910118,0.378793446,0.330392821,0.41131785,,0.354926751,0.395012413,0.358949565,,0.353064711,0.350077269,0.344604229,0.351504715,0.343164421,0.375273545,0.398877004,0.420973258,0.505681591,0.36285292,0.465518153,0.363026963,0.386929431,0.413171257,0.402573598,0.383682331,0.445409358,0.401362455,0.401169823,0.389517894,0.441859026,0.419426622,0.3833905,0.411849415,0.407156399,0.407740352,0.339897306,0.364622643,0.390033314,0.384824014,0.377836043,0.392847252,0.360901705,0.37456415,0.373668037,0.388298065,0.359151031,0.367984166,0.365071139,0.349818939,0.351483661,0.382447463,0.360271671,0.346313698,0.378961499,0.35294934,0.414120764,0.383779262,0.386965268,,0.360001894,0.35277862,0.354023731,,0.429060063,0.367594662,0.331316109,0.410423796,0.362701423
195,0.34207336,0.37684258,0.341808888,0.380898426,0.348953506,0.491016841,0.389956534,0.394377453,0.415181302,0.406664953,,0.379831827,0.361433607,0.383341923,0.388519903,0.361932357,0.432844561,0.423867416,0.399341775,0.383091897,0.37933501,0.331850355,0.419895792,,0.358843105,0.39789479,0.359169363,0.380290336,0.35009082,0.351766897,0.343547437,0.347631744,0.335184322,0.371179559,,0.415653449,0.483264961,0.341354558,0.452367434,0.362800916,0.389333747,0.410103305,0.386524638,0.382577654,0.446560647,0.396648006,0.385161222,0.387345354,0.444944342,0.427387733,0.384762534,0.415425758,0.401843815,0.377360485,,0.365916361,0.393571271,0.380012105,0.375403947,0.391218191,0.360481642,0.373402172,0.373654183,0.384420482,0.35970075,0.366524458,0.366776288,0.349820248,0.350929452,0.380917141,0.360806605,0.342878534,0.370687431,0.353969976,0.413536581,0.384009418,0.384285782,0.344549764,0.360930091,0.365433049,0.36612249,,0.404956101,0.361253489,0.331830558,0.408973206,0.361757837
196,0.342769928,0.382885981,0.338240229,0.381924236,0.349060349,0.491335281,0.390640141,0.395561153,0.4075813,0.409076676,,0.380302323,0.352615569,0.3852536,0.389985702,0.357947751,0.443532005,0.403402335,0.415916892,0.387858003,0.373860481,0.33541343,0.384409296,0.383921446,0.363008755,0.393208384,0.358893393,0.381703209,0.351415882,0.350651472,0.346911933,0.351673953,0.341684252,0.369688736,0.408182796,0.416517733,0.497916913,0.356421844,0.463600006,0.368108592,0.398728876,0.411625032,0.405076605,0.37672587,0.441865598,0.405329039,0.404983077,0.397325522,0.448008242,0.414254732,0.37983975,0.412379712,0.409988181,0.414926167,,0.368528948,0.384062768,0.387231619,0.370940803,0.398114338,0.358485742,0.375587035,0.373851061,0.38440463,0.364690753,0.371976789,0.371700429,0.346540588,0.355872953,0.384359837,0.35809966,,0.369419207,0.358506765,0.410425944,0.382753452,0.385104178,0.341980536,0.354670146,0.349848438,0.353610687,,0.423350545,0.36528641,0.330749869,0.401127827,0.362297538
197,0.342241261,0.378978122,0.338572246,0.384709198,0.352440563,0.488943478,0.393622013,0.399814142,0.408824855,0.405669955,0.383526301,0.375921784,0.349610153,0.382027225,0.385493871,0.369841941,0.45015831,0.419287941,0.403075637,0.386049598,0.380841719,0.333975217,0.416089474,0.391047531,0.362711049,0.39624801,0.359530905,0.376890134,0.351698887,0.349471497,0.344997233,0.351985057,0.338005141,0.370059196,0.420770127,0.416703441,0.50201352,0.365115637,0.475279734,0.36023862,0.388459413,0.412913212,0.403695119,0.378502224,0.438755834,0.404534474,0.400237575,0.403368772,0.439669407,0.418992181,0.378589348,0.40755822,,,,0.360427026,0.392372539,0.389080508,0.363897861,0.39934646,0.356727513,0.377722111,0.3691716,0.387438564,0.364580592,0.370459833,0.373336549,0.348567428,0.355909553,0.384385203,0.360840443,0.346395551,0.370270995,0.35395395,0.406885389,0.384345022,0.383928303,0.342063955,0.354973732,0.350389555,0.353894696,,0.427817492,0.365086344,0.331266956,0.402521747,0.364659423
198,0.340631136,0.37838951,0.339625398,0.384645901,0.349410081,0.482625992,0.387939031,0.402598178,0.409939379,0.407303994,0.375240847,0.378020104,0.348515123,0.368706635,0.387185108,0.360106953,0.447431257,0.413517618,0.405810138,0.382452047,0.383018043,0.331920885,0.425242909,0.39383044,0.361213692,0.398627385,0.359845912,0.374579135,0.351420114,0.350979719,0.344610689,,0.337717583,0.373228953,0.39909671,0.412790457,0.480822856,0.367668266,0.468875054,0.359304958,0.392240415,0.413636584,,0.383767929,0.443780892,0.385843353,0.38877809,0.392252814,0.438422944,0.417930735,0.382028942,0.411850509,0.401763228,0.405680841,,0.36286531,0.385040322,0.415606176,0.36541018,0.386233959,0.355724433,0.376890831,0.370219049,0.386521349,0.36325062,0.376399713,0.366516226,0.346826663,0.355730789,0.387532234,0.358511141,0.344774512,0.368956166,0.355005639,0.411779358,0.378865519,0.376141136,0.344713827,0.355751044,0.353087779,0.361406377,,0.427578842,0.363325712,0.328232368,,0.36339061
199,0.345778661,0.368323571,0.338724722,0.379058365,0.349913992,0.49104563,0.385578017,0.394127146,0.403298959,0.417108711,0.385343259,0.379811566,0.361104989,0.388213254,0.387602291,0.365711222,0.45460055,0.406293316,0.408819944,,0.381967811,0.331405778,0.402232395,0.373435928,0.355461333,0.399501324,0.361616371,,0.350821061,0.348181042,0.345081343,0.350133052,0.338060769,0.375892863,,0.412752905,0.48676329,0.360395948,0.490301709,0.353478991,0.398067829,0.426559506,0.396176854,0.379851008,0.439724458,0.397268704,0.398212954,0.403673024,0.447608035,0.409194768,0.382806946,0.414276528,0.412233183,0.403093917,,0.362803509,0.390106725,0.38267602,0.366017878,0.389848168,0.358921443,0.375687462,0.370482677,0.386372314,0.36454179,0.377137653,0.368525996,0.348890749,0.357549707,0.387939786,0.358615388,0.344813517,0.369559483,0.358082374,0.411799091,0.384067604,0.381028296,0.344068438,0.356876891,0.360883036,0.365055117,,0.429450863,0.367307488,0.329147214,0.40432461,0.360474675
200,0.3431715,0.375821757,0.340255391,0.380412382,0.350347289,,0.365293317,0.394285788,0.411800403,,0.384546597,0.380947519,0.350006705,0.385971204,0.389459922,0.365398409,0.447235525,0.414999478,0.414700434,0.383304332,0.382266268,0.331871499,0.414802053,0.395345355,0.354956198,0.39617216,0.359417912,,0.351893265,0.350741299,0.345485046,0.348678096,0.336236956,0.373708857,0.424175138,0.415227022,0.506002341,0.364285591,0.465286437,0.362857497,0.386330113,0.4128097,0.40447284,0.375331175,0.444341684,0.397729196,0.398644402,0.403580918,0.445591552,0.425855886,0.386346163,0.419173166,0.405579168,0.419725176,,0.366826191,0.383091161,0.41018612,0.351984399,0.387675037,0.356422718,0.373724913,0.371777811,0.382517666,0.360855895,0.375648797,0.366484642,0.349931164,0.357473871,,0.359584413,0.346422741,0.37300489,0.35616612,0.414710401,0.383733141,0.384599372,0.342945554,0.355287137,0.350980266,0.356585757,,0.435070885,0.361404456,0.331327766,0.4129901,0.358383192
201,0.346601299,0.384909745,0.342542621,0.383075999,0.349444947,0.50594217,0.394933684,0.392503091,0.414186983,0.410339968,0.384950286,0.378289942,0.356928541,0.384335054,0.383557784,0.371144623,0.452409524,0.4087266,0.403860502,0.38428094,0.383283537,0.336285362,0.408736858,0.395292473,0.361804181,0.395611961,0.360898609,,0.349689621,0.346576535,0.344256281,0.350317807,0.340026618,0.363983769,0.407631305,0.417077849,0.506392834,0.355151532,0.470482729,0.364954493,0.39753451,0.41515367,0.406167082,0.379360682,0.449641759,0.402074853,0.399623078,0.402508212,0.440914801,0.425340315,0.385165592,0.419297389,0.395202511,0.405066061,,0.366745024,0.386244713,0.377959127,0.354061162,0.385860101,0.358763757,0.37487653,0.37113866,0.390433283,0.366323369,0.3745638,0.369050028,0.348807837,0.359200771,0.378834176,0.360228467,0.345467476,0.370574061,0.356015843,0.422324037,0.3800213,0.385307542,0.343208896,0.356848822,0.360745837,0.363258381,,0.427270709,0.364454474,0.329769551,0.416909914,0.361565314
202,0.343013808,0.379066559,0.341516441,0.380972602,0.350249376,0.509289273,0.384843981,0.395564051,0.403514743,0.418224591,0.371241046,0.37632915,0.350674183,0.371647293,0.385369356,0.365095033,0.448287438,0.405215785,0.404800534,0.380969637,0.382248498,0.331090492,0.395122985,0.383836374,0.360785383,0.38641997,0.35816373,,0.353120252,0.350879102,0.344207606,0.3459453,0.337010564,0.373113626,0.419662945,0.417480396,0.49810697,0.369995955,0.46691902,0.363105171,0.389200378,0.415142457,0.402214151,0.375868361,,0.404052277,0.398836767,0.402803546,0.437922003,0.405623256,0.386390033,0.403309682,0.406429408,0.422892289,,0.36669168,0.375459731,0.401271905,0.354307015,0.384517328,0.353781471,0.373595627,0.375928023,0.378198441,0.369063676,0.377094858,0.367564713,0.351973254,0.359401723,0.394173927,0.360379565,0.342138726,0.370099034,0.354023611,0.410947144,0.382227423,0.385205098,0.34160278,0.356097512,0.353610166,0.356063895,,0.440187166,0.361615497,0.333907407,0.406278664,0.362346985
203,0.339888296,0.379628978,0.345820284,0.379047597,0.350276703,0.494351456,0.399835228,0.398173439,0.407493896,0.394346609,0.38486584,0.377546395,0.351921865,0.379853756,0.386477795,0.370276624,0.451889015,0.4197839,0.413489346,0.379018409,0.380499505,0.330777154,0.415325283,0.386411432,0.363773629,0.386010086,0.359117106,0.371684602,0.352052926,0.352140641,0.344073559,0.351270429,0.336714766,0.367328333,0.404008534,0.413423178,0.488374355,0.362017161,0.47103361,0.361464747,0.401524155,0.412618447,0.384708274,0.375224801,0.439867445,0.394870607,0.396724203,0.401730549,0.442696572,0.41998564,0.381977252,0.411868745,0.392156922,0.415678141,,0.365562427,0.386226738,0.400543849,0.361671688,0.381772129,0.353500601,0.377057341,0.3736659,0.378703899,0.366394198,0.373750864,0.36897648,0.345099547,0.358200414,0.387431491,0.353043693,0.342928218,0.371981163,0.355630219,0.412431782,0.382507964,0.378725336,0.340211574,0.35811024,0.35855027,0.362798214,,0.435652984,0.364918443,0.331928611,0.408078354,0.362886118
204,0.342503957,0.388278435,,0.387017915,0.351941981,,,0.385262643,0.420348303,0.410429594,0.381259599,0.377364687,0.355102389,0.372180194,0.387118732,0.365584355,0.453440726,0.410495561,0.397380227,0.383627725,0.381534613,0.330843953,0.399542715,0.357021214,0.365547916,0.384531478,0.358542426,0.363386067,0.350768825,,0.344107684,0.34460259,0.338161551,0.368924621,0.385736412,0.405880402,0.482521303,0.365663462,0.474615134,0.359561819,0.391622917,0.414387603,0.392396378,0.378907235,0.441667452,0.404228709,0.395970836,0.402326467,0.433236326,0.420194919,0.378132654,0.414474028,0.402985202,0.404145509,,0.367388983,0.390071197,0.407154561,0.362923518,,0.356846736,0.37382394,0.372938988,0.368667034,0.364216326,0.375728775,0.364853755,0.346821554,0.357861328,0.394479302,0.35346741,0.340215805,0.372428622,0.355604208,0.414492987,0.3800496,0.383935943,0.341671842,0.357226565,0.358929482,0.362527854,,0.432347025,0.3623173,0.330704801,0.406733843,0.362089603
205,0.340547669,0.378643256,0.339597869,0.385851831,0.349312529,0.479186361,0.390220288,0.384477564,0.408837238,0.417023233,0.377617415,0.377512525,0.355876167,0.385904066,0.386243771,0.361759905,0.445064659,0.411079752,0.414633801,0.381521474,0.382850021,0.331555197,0.411321554,0.374153198,0.361662173,0.385356285,0.358791001,0.364251072,,0.347094375,0.344773957,0.349744909,0.343536941,0.372332906,0.419042893,0.410219128,0.477921978,0.361590274,0.449502623,0.36133905,0.388876279,0.416556342,0.384385124,0.373135201,0.438432677,0.404355655,0.400380769,0.398189314,0.426499673,0.405804132,0.383419688,0.41163629,0.398368121,0.410760584,,0.368656068,0.373243209,0.375991645,0.354678989,0.38335561,0.353955916,0.376110362,0.369012663,0.382099091,0.360326155,0.370492899,0.363598117,0.349427538,0.357950969,0.383300539,0.352632191,0.345065889,0.369851768,0.353322865,0.410571717,0.381293815,0.381122409,0.342550957,0.355384856,0.364273688,0.368290465,0.365104374,0.430707704,0.363643464,0.331775264,0.40651103,0.356964375
206,0.343306783,0.383379744,0.343626645,0.388573347,0.350293583,0.490251389,0.381215776,0.397573973,0.411700978,0.417063494,0.374998468,0.376720043,0.346115798,0.367829865,0.38577636,0.369483812,0.441443582,0.415108445,0.42254706,0.380030531,0.38024651,0.33167156,0.41052273,0.392462627,0.360380931,0.384629672,0.355943416,0.363382048,,0.353251163,0.34488121,0.349292169,0.338351856,0.36729683,0.398821136,0.410671515,0.484800864,0.362001731,0.465854132,0.357395835,0.385394957,0.407880031,0.387168227,0.377481094,0.439032807,0.405602179,0.401444331,,0.442122496,0.405754158,0.382958232,0.414030641,0.409444685,0.409948095,,0.368282273,0.382380884,0.393801147,0.36814468,0.38595051,0.354632123,0.371853656,0.366828615,,0.363580595,0.3708616,0.368172349,0.347500897,0.357068094,,0.353128676,0.341109447,0.370695264,0.351425573,0.415049396,0.375286552,0.376993191,0.342253227,0.357525683,0.348316303,0.352432045,0.361385927,0.435139691,0.362661355,0.332004803,0.406489737,0.361522639
207,0.345483087,0.357849799,0.341831252,0.391817278,0.352308119,0.497251378,0.39062635,0.393675381,0.399645396,0.413196561,0.385137516,0.379351489,0.351109767,0.388061413,0.386993314,0.367282631,0.439432229,0.400885965,0.416026885,0.375409967,0.377394251,0.332266199,0.394497538,0.370423276,0.35718355,0.385738799,0.357647263,0.369480067,0.350401864,0.352475293,0.344503469,0.349990002,0.337376943,0.372013771,0.398888138,0.423226809,0.485733775,0.362030662,0.466105841,0.364966183,0.392848113,0.412993755,0.394790689,0.375272099,0.438538904,0.399630683,0.402172219,,0.447897236,0.410322825,0.379337634,0.414253137,0.409491216,0.403249297,,0.366499976,0.38454451,0.380008746,0.364965322,0.384602515,0.354999725,0.373347414,,0.375065077,0.368372602,0.368200308,0.368602905,0.347296284,0.360407531,0.381226408,0.355707123,0.339961974,0.368307162,0.354304765,0.415546536,0.377922849,0.383525021,0.340500609,0.356511725,0.353084693,0.356755663,0.360544254,0.433258688,0.365487294,0.332367132,0.408347761,0.362877959
208,0.341022467,0.378089796,0.343961997,0.387201124,0.34820807,0.494113819,0.386344598,0.396878118,0.410304245,0.418804058,0.382668723,0.37626871,0.357606302,0.371151858,0.386095775,0.362825495,0.442693405,0.412440874,0.410165963,0.370559568,0.375677218,0.33132212,0.411549698,0.392645213,0.352121866,0.386022257,0.354947641,0.363221084,0.3530572,0.33298425,0.345454299,0.351096698,0.338059129,0.372509602,0.406342304,0.413246983,0.500139006,0.353779247,0.463657575,0.361105156,0.376432536,0.413879141,0.403946784,0.380332474,,0.403569511,0.400835008,,0.441507865,0.405580482,0.378682195,0.407011445,0.40790546,0.39874966,,0.368788375,0.377723551,0.407192963,0.365189556,0.38377902,0.351956211,0.37224047,0.373547351,0.372253704,0.365279789,0.36571013,0.370077677,0.349050086,0.360973388,,0.355653341,0.338684273,0.369631617,0.357375138,0.406456815,0.371995259,0.38327296,0.341549278,0.3590402,0.352295899,0.356981074,0.361529836,0.429442164,0.366551751,0.32835276,0.401206585,0.362015763
209,0.342101491,0.379912961,0.339916661,0.38366937,0.348941945,0.504356507,0.382617837,0.39764458,0.391079221,0.415154926,0.379656129,0.376772303,0.357779217,0.368046818,0.386647248,0.367911142,0.453374464,0.387910763,0.413889249,0.382713873,0.38059551,0.331924188,0.396595516,0.392134341,0.35693298,0.379100239,0.358143112,0.364282273,0.352951875,0.351099861,0.345951819,0.349787997,0.336522823,0.374522099,0.41437596,0.415569806,0.501620645,0.351464002,0.474739055,0.362742258,0.387299672,0.411912807,0.404526191,0.38162374,0.441350254,0.403559694,0.400501028,,0.434002022,0.415992283,0.385478404,0.415238448,0.404856379,0.392670481,,0.365258692,0.381831312,0.386393089,0.37057458,0.392757375,0.351585267,0.367049094,0.367777981,0.380275606,0.365183662,0.371895297,0.375542392,0.345368618,0.360268469,0.375329095,0.350527643,0.342175719,0.372685971,0.358582675,0.415569393,0.382413741,,0.340624649,0.357882293,0.355249757,0.359719404,0.364223301,0.432408938,0.36398148,0.331392813,0.409960629,0.361204196
210,0.340914561,0.37491876,0.341227834,,,0.483641444,0.387942522,0.398677343,0.413543369,0.401598404,0.382819949,0.376779193,0.350596392,0.372468858,0.385901308,0.36463918,0.450142493,0.415958111,0.409882655,0.379247751,0.3810137,0.330346125,0.415151899,0.384947052,0.355859264,0.379450046,0.357862141,0.36860337,0.352802105,0.352843811,0.345021707,0.350271668,0.336752454,0.373677016,0.410608534,0.416839872,0.495136142,0.347923663,0.471755101,0.361284062,0.383255593,0.412758267,0.397889645,0.378931998,0.44366938,0.405509342,0.397153966,0.395696809,0.430118294,0.422112306,0.383864365,0.415280735,0.394822856,0.414048252,,0.366534155,0.37885759,0.386510637,0.368401062,0.393841333,0.352158536,0.371202062,0.369701591,0.371797299,0.365314407,0.375408028,0.370236213,0.347582286,0.360558152,0.374159429,0.351549325,0.342174037,0.37278993,0.352407145,0.415212391,0.380429173,,0.340356658,0.35691277,0.354399912,0.352444238,0.360334619,0.438306483,0.35666926,0.332887235,0.412218155,0.362620211
211,,,0.34918149,0.384492496,0.349470067,,0.387650559,0.393646074,0.386489006,0.405039713,0.375856216,0.376110321,0.365131793,0.378578656,0.385869583,0.358636788,0.436394066,0.414846265,0.414212854,0.376575334,0.381460162,,0.412965598,0.38233321,0.349602092,0.380542335,0.357998129,0.367782459,0.351963657,0.351224874,0.34516379,0.348993871,0.338371052,0.375515813,0.417458006,0.416029978,0.494663058,0.362457379,0.460874544,0.349192343,0.380461778,0.41119049,0.393820721,0.381570298,0.441083732,0.400231201,0.378226,0.400785051,0.431417819,0.409267828,0.384196463,0.411171973,0.403773027,0.41986417,,0.366073881,0.383963304,0.385659843,0.365037133,0.388834889,0.350277276,0.369324077,0.370282523,0.372704529,0.366756896,0.373094921,0.370945035,0.346045456,0.362121665,0.377096724,0.349171009,0.340672324,,0.356557413,0.410568098,0.377361105,,0.340449778,0.359858071,0.363187089,0.366306528,,0.434858266,0.365843237,0.332151967,0.405377495,0.359768572
212,0.339427851,0.370705987,0.345701436,,,0.451098223,0.387648655,0.389518506,0.409147424,0.406447192,0.383221826,0.372644501,0.374160547,0.372672557,0.383345521,0.369513922,0.453358092,0.421115087,0.415409934,0.379262774,0.380685072,0.331962961,0.421308257,,0.36153333,0.380071148,0.355405042,0.369637855,0.351711796,0.35257191,0.344315146,0.349400622,0.338381587,0.375808637,0.410319707,0.413534335,0.496944995,0.359715817,0.475628141,0.337210945,0.390426546,0.415451653,0.40517472,0.380474357,0.436411132,0.400143562,0.401849801,0.397547011,0.432363862,0.418001694,0.384620821,0.409313559,0.407155409,0.420024956,,,0.392447778,0.389088454,0.367190207,0.385622011,0.350986174,0.368588669,0.369491082,0.37185926,0.364104101,0.369722277,0.370198285,0.345210282,0.361613075,0.37557015,0.352754779,0.339741152,0.371152422,0.352041861,0.411730969,0.379054149,0.380523163,0.340341823,0.357905443,0.36989653,0.36838971,0.362527464,0.437372367,0.359548336,0.33356678,0.405548798,0.362388023
213,0.341230389,0.376595723,0.340606128,0.386649944,0.348640693,0.480838272,0.387622017,0.371080338,0.40636013,0.397716961,0.378324392,0.377483996,0.352819244,0.386882953,0.386385359,0.36126627,0.450169725,0.422739051,0.415339687,0.3800868,0.383820068,0.331270019,0.420359424,,0.363603284,0.381017603,0.356962424,0.367221006,0.348347122,0.352587152,0.343912986,0.349502957,0.338524914,0.375759615,0.415103603,0.411592282,0.486574719,0.361620212,0.466278962,0.35654232,0.390711386,0.414436919,0.403487528,0.375849609,0.436594152,0.397736795,0.398721479,0.407341909,0.426831888,0.414629262,0.386758302,0.416988423,,0.41566681,,0.365864889,0.392763944,0.390594369,0.365682642,0.386015213,0.348897189,0.36808491,0.368470492,0.369210889,0.365824939,0.370265646,0.368584112,0.346654889,0.359114329,0.374910882,0.346214324,0.340013342,0.366770083,0.354121599,0.413132968,0.380284511,0.381203766,0.340311991,0.357604464,0.35766473,0.360893489,,0.43410198,0.362221565,0.33113716,0.411288895,0.359164527
214,0.341561879,0.377604857,0.341289314,0.38447501,0.349632729,0.479381647,0.387016866,0.396224465,0.401778308,0.394433207,0.379557835,0.375935727,0.359500056,0.378350584,0.38438912,0.367666729,0.437983768,,,0.381235659,0.379771502,0.331373196,,,0.361349056,0.384910566,0.35546103,0.373031905,0.349119813,0.35323433,0.343864204,0.348790704,0.336173214,0.37199647,0.395988234,0.41185505,0.501038373,0.359822192,0.450950412,0.358123407,0.386285687,0.413568214,0.399701652,0.380233732,,0.397457068,0.376748158,,0.429579849,0.417905698,0.382326937,0.415529169,,,,0.366849209,0.37779009,0.38409897,0.359098121,0.386067983,0.353574366,0.367281554,0.369991897,0.370199436,0.358519981,0.369639433,0.373809357,0.348382532,0.361704469,0.381684657,0.351145909,0.343119966,0.369412259,0.352663028,0.41767489,0.382792967,0.378058555,0.341111059,0.357366931,0.368290386,0.371676277,,,0.363143077,0.330402858,0.400871476,
215,0.340528517,0.378456474,0.339972379,0.378768449,0.348168006,0.474921721,0.381967846,0.392130709,0.400409274,0.41160767,0.380951716,0.376513079,0.37114907,0.379217546,0.385966217,0.359600414,0.451345261,,0.408498426,0.375911272,0.378677464,0.330581138,,,0.35681302,0.381993099,0.346156101,0.366199252,0.352437659,0.347370256,0.344345822,0.344856516,0.334510008,0.375920083,0.40405204,0.414648178,0.496376293,0.358703362,0.469701234,0.359928843,0.383821207,0.417037226,0.404680081,0.377671374,0.438504907,0.396422873,0.389799435,,0.430597802,0.41521502,0.379988554,,,0.395038352,,0.361666441,,0.386352488,0.361406609,0.370615441,0.355824053,0.36530885,0.364720272,0.368776123,0.359865824,0.370985323,0.368967726,0.351002969,0.362303357,0.38041217,0.352292265,0.336243307,0.37086642,0.351647529,0.410893387,0.376980689,0.380219187,,0.357708095,0.373683029,0.37572551,,0.425391507,0.360927596,0.331744335,0.407317379,
216,0.342750875,0.38222332,0.339460981,0.382217453,0.34859125,0.473578513,0.389301464,,,0.406630028,0.385265932,0.376534611,0.358811879,0.369829745,0.386089059,0.363539401,0.446597448,0.409930646,0.399677462,0.377903082,0.381203794,0.330881096,0.414786501,,0.360998214,0.385304187,0.357269535,0.362253481,0.352988305,0.35222071,0.344260114,0.346126532,0.335765283,0.369296155,0.397193141,0.407448396,0.485466309,0.35747955,0.465515348,0.35520809,0.381013334,0.413917493,0.392316238,0.376359405,0.433924646,0.396820912,0.390662112,0.403604014,0.422965877,0.417064491,0.382031838,0.398251816,0.389903651,0.408629801,,0.367434431,,0.392788646,0.361725021,0.368627299,0.356227551,0.363106865,0.366487255,0.363094146,0.342981711,0.369186129,0.368581534,0.346239294,0.361214336,0.379052173,0.351198893,0.335960385,0.366466387,0.350616906,0.403147082,0.378620156,0.379292294,,0.357302776,0.356926327,0.361985562,,0.42663093,0.36274068,0.329908404,0.405481905,
217,0.342297075,0.375314871,0.346994645,0.382577295,0.349570721,0.472482462,0.386886243,0.390683132,,0.402312462,0.384349066,0.376613931,0.357582164,0.371607516,0.387109062,0.367287517,0.450168035,0.392888594,0.410264739,0.371845718,0.374268722,0.333423657,0.394102173,,0.362773116,0.382890757,0.355412601,0.362773198,0.352987703,0.34989646,0.344158533,0.348561054,0.336539401,0.370585081,0.410545124,0.405874555,0.47464026,0.350630176,0.464298057,0.357202621,0.379869772,0.414521559,0.401068181,0.371345771,0.433287972,0.395670769,0.400812672,0.400257061,0.423725983,0.4165844,0.377594672,0.404005542,0.388904103,0.410683451,,0.361074342,,0.380000337,0.368195809,0.370131217,0.355703968,0.364744931,0.37004947,0.368332649,0.361177488,0.368965814,0.366771174,0.347018621,0.360457514,0.377586196,0.354164501,0.338991942,0.370537589,0.351827484,0.40634967,0.376816897,0.377014203,,0.356764952,0.359802899,0.362089201,,0.426049315,0.363820809,0.329735531,0.402989868,
218,0.343585391,0.381267386,0.339329266,0.38169966,0.349565013,0.464216145,0.375333829,0.398106019,0.400845452,0.393615265,0.37778776,0.376946633,0.347592724,0.374295244,0.386279418,0.361344341,0.43885797,0.399649681,0.410779441,0.372086842,0.380646664,0.331661634,0.392955762,,0.365655486,0.384904233,0.357234244,0.364334172,0.351255923,0.352862034,0.344815659,0.348036856,0.336650278,0.368516243,0.410830425,0.407723971,0.487591056,0.352218581,0.456492894,0.348626973,0.379439348,0.411107535,0.400638727,0.377590282,0.429463101,,0.395449252,0.401085118,0.430197551,0.410621253,0.38503754,0.400317082,0.391443982,0.407998539,,0.369341831,,0.386273923,0.373487738,0.372979269,0.350550753,0.365304904,0.368655787,0.366442666,0.35671983,0.371327172,0.367527055,0.345454853,0.364648928,0.380887853,0.353473331,0.339432411,0.371209795,0.350136259,0.401875259,0.378977905,0.374099179,0.338261003,0.354659093,0.351132621,0.355953248,,0.431867839,0.366471644,0.330770976,0.398347391,
219,0.338521509,0.382274601,0.337547372,0.382103618,0.346676088,0.475073804,0.384463479,0.395870928,0.398306884,0.403049509,0.384069641,0.375700349,0.365563694,0.399181764,0.385190572,0.36546692,0.427294302,0.39275363,0.339809469,0.378940859,0.380563394,0.331267417,0.377960369,,0.362431473,0.376519763,0.354352793,0.368092751,0.34594257,0.346749904,0.343464051,0.346517167,0.337481854,0.374981948,,0.408763451,0.47609376,0.356973235,0.454005571,0.342842912,0.388553594,0.407941915,0.40065045,0.376199415,0.429584363,0.395536796,0.393740506,0.395171293,0.436198025,0.402512625,0.383239121,0.409181763,0.404979122,0.340748269,,0.3664484,,0.381492332,0.374658487,0.373546249,0.352032928,0.366170266,0.367654464,0.372064994,0.357827248,0.372075048,0.365865999,0.344260186,0.36429918,0.378146228,0.354238577,0.338023762,0.372295819,0.347821713,0.409820969,0.378160496,0.379967246,0.338676953,0.354583823,0.36817127,0.369975723,,0.347133662,0.361175966,0.329727563,0.406833315,
220,0.339964277,0.383232187,0.338160569,0.386774984,0.348587641,0.474240964,0.387258929,0.390737167,0.405149503,0.40468479,0.381457607,0.376386694,0.3519235,0.373973056,0.38425712,0.361165135,0.45316824,0.404388292,0.412904172,0.37783625,0.376011765,0.33308038,0.39838953,,0.362333196,0.383628573,0.355230707,0.369895309,0.348793024,0.349947385,0.344517344,0.346105721,0.33724171,0.372123166,0.391736494,0.410625472,0.496290482,0.361630361,0.471777969,0.352959462,0.385751996,0.412465836,0.404551063,0.373057262,0.431831779,0.392066557,0.396406625,0.398521074,0.424102976,0.411740891,0.382370073,0.399528659,0.396034586,0.413694349,,0.364630032,,0.385905639,0.37303907,0.371576669,0.349389484,0.365390257,0.367773835,0.370009911,0.352064476,0.370590132,0.364521666,0.348106545,0.364649823,0.382323835,0.3551504,0.342958078,0.372976826,0.348528647,0.401798315,0.377815503,0.379088832,0.338396796,0.354332656,0.350021484,0.353909052,,0.436392315,0.366326167,0.330783121,0.398983883,
221,0.339723196,0.381636275,0.339037224,0.380578085,0.35042054,0.483469952,0.376190981,0.39880737,0.412369805,0.41644415,0.377046866,0.375584984,0.352291706,0.380010844,0.385476083,0.358885985,0.440738354,0.416230913,0.415457052,0.374888889,0.37992034,0.331463671,0.416104889,,0.360185842,0.389590056,0.358258085,0.366089673,0.352089275,0.34967996,0.344822912,0.350172716,0.339066294,0.366995306,0.418841605,0.409500807,0.480082738,0.359509789,0.461587383,0.351336219,0.384102108,0.414412932,0.39418734,0.375032954,0.432641168,0.397371092,0.394067137,0.396285061,,0.403591191,0.382738614,0.406559011,0.391600796,0.416794182,,0.367222269,,0.375621156,0.378769966,0.372601277,0.354875894,0.362240572,0.370029687,0.371456396,0.354507644,0.368455478,0.363912638,0.348924351,0.361018819,0.383111085,0.352859146,,0.372170073,0.346845855,0.406274293,0.375390574,0.376009901,0.338278022,0.35302319,0.350593744,0.356938781,,0.434153928,0.361463525,0.330376599,0.402709744,
222,0.338626345,0.378128039,0.347020405,0.378921577,0.35044091,0.4635724,0.386337128,0.38986855,0.406128775,0.40715387,0.380702291,0.375413011,0.351119839,0.376468946,0.38555873,0.358141036,0.451178662,0.390503383,0.411991036,0.379239557,0.379610096,0.331768094,0.387953635,,0.35870355,0.384094679,0.358481141,0.362995419,0.351525066,0.3520663,0.343869096,0.347349484,0.336130245,0.36868113,0.401075072,0.408722152,0.484001177,0.359967481,0.467648895,0.356981981,0.377107758,0.414745717,0.391327512,0.379814104,0.434654694,0.393689291,0.395265028,0.393294532,0.428623432,0.413815819,0.383389602,0.399870672,0.402730889,0.409851776,,0.368565616,,0.382835374,0.379466962,0.370980837,0.354202587,0.364475347,0.369966531,0.37760434,0.359510858,0.369821317,0.366684008,0.34805752,0.357042913,0.374925897,0.355455801,0.340267502,0.373217791,0.347115619,0.405271277,0.37890339,0.374671787,0.338656022,0.354614718,0.357070406,0.360673876,,0.432897908,0.361520416,0.330986254,0.404254804,
223,0.341316506,0.369090831,0.343224746,0.37522276,0.348903656,0.479595859,0.387015675,0.371202704,0.402734513,0.399732723,0.375186355,0.38021611,0.353928074,0.375870801,0.386702684,0.348312831,0.446926839,0.411812371,0.400316348,0.375895031,0.37892615,0.333921604,0.39769009,,0.358184697,0.382479552,0.356888526,0.37198744,0.350563108,0.35233223,0.344662639,0.349349203,0.336543889,0.376357306,0.405427927,0.421350383,0.470100245,0.357718148,0.479922649,0.348348452,0.42210392,0.469039167,0.39688105,0.379495657,0.435773387,0.392548954,0.403572492,0.390786261,,0.411694013,0.380280144,0.399453432,0.407260859,0.387337249,0.345099762,0.366903916,,0.381515158,0.378646963,0.372186039,0.352694062,0.364891546,0.368903839,0.370532675,0.354620708,0.372967043,0.364398501,0.346598867,0.358253287,0.375361401,0.355214381,0.337724137,0.369283159,0.348041544,0.406184394,0.377242797,0.378630267,0.337518152,0.354005071,0.351892319,0.357340994,,0.424673663,0.36542577,0.332228768,0.405585114,
224,0.34122462,0.374561819,0.341960174,0.379414534,0.34806811,0.505905365,0.372444676,0.38216978,0.407697894,0.410371768,0.38733695,0.375748235,0.344161196,0.370708786,0.384123233,0.3685993,0.439165081,0.418570377,0.410522048,0.376393481,0.379886468,0.331448436,0.416034501,,0.36178599,0.38719785,0.357523621,0.363932771,0.348857686,0.348389314,0.344406891,0.348612877,0.338964362,0.377209645,0.414757798,0.406104696,0.478727261,0.360662774,0.454715971,0.357911527,0.383826432,0.415048542,0.388685297,0.377482138,0.434548027,0.380449749,0.393188723,0.398605933,,0.412801419,0.381170479,0.410200933,0.402878561,0.411671043,0.336270888,0.367517712,,0.388112072,0.381994,0.37089147,0.35428383,0.363457586,0.368497567,0.370848094,0.354990669,0.374066042,0.36499302,0.345128445,0.357070915,0.38361622,,0.33711945,0.369207478,0.346442076,0.410318655,0.376234455,0.378687675,0.338836392,0.353079548,0.358342225,0.359497168,,,0.364639722,0.330062447,0.403521016,
225,0.341666952,0.379715073,0.342572252,0.379079797,0.347917383,0.494797722,0.382150689,0.38734305,0.394405156,0.410938051,0.37244465,0.377486681,0.368467013,0.374283217,0.385759969,0.366848172,0.455978271,0.410716679,0.391869535,0.37929023,0.380550977,0.331092567,0.412176525,,0.362085221,0.387373047,0.358275206,0.365728348,0.351271575,0.348146791,0.343903523,0.348608034,0.337462248,0.378577445,,0.406654258,0.472331071,0.360057305,0.473524744,0.356925728,0.386765002,0.395640902,0.397580273,0.375535512,0.427632763,0.390489907,0.393540019,0.394227022,,0.415700135,0.38610979,0.410587102,0.393483642,0.402267045,0.34318117,0.366836844,,0.381807734,0.379439554,0.370673764,0.35438426,0.361811921,0.366525583,0.37076192,0.358258272,0.368949806,0.363757438,0.345817658,0.354226673,,,0.338549286,0.365701167,0.348115959,0.40581816,0.379352215,0.375336898,0.338301701,0.354560446,0.370594787,0.373437566,,0.412306519,0.364031726,0.332366964,0.401621725,
226,0.344883949,0.376810914,0.343276005,0.378262588,0.349743184,0.472565194,0.384164201,0.391070923,0.397445667,0.401542168,0.378363385,0.376204758,0.351346414,0.375237929,0.385095378,0.368240683,0.452647908,0.377540917,0.407104684,0.369300398,0.375784374,0.330915366,0.387570707,0.388948468,0.360213961,0.38297268,0.356907929,0.359455104,0.351508564,0.351498552,0.342174065,0.348637574,0.336329091,0.372637078,0.401681498,0.40894561,0.497241519,0.359673072,0.467431638,0.360366106,0.381218708,0.417342169,0.399535904,0.380160261,0.437400741,0.394035802,0.390855473,0.393258522,,0.415864744,0.382182346,0.411797653,0.398428212,0.400548434,0.337050677,0.366920298,,0.383349382,0.382841555,0.366769738,0.356592194,0.361467541,0.366130901,0.373269953,0.3545966,0.369664157,0.364061906,0.345944687,0.354032538,0.378036303,,0.337711638,0.37378577,0.347710024,0.411899251,0.36247002,0.376268331,0.337556681,0.353201045,0.355603599,0.358883511,,0.425726448,0.36647315,0.329672002,0.405103215,
227,0.34241263,0.380974886,0.34027106,0.374822278,0.344840789,,0.387716518,0.388983668,0.402162199,0.403477728,0.378843984,0.377171536,,0.374475241,0.385065033,0.368112779,0.452459258,0.395202501,0.397057618,0.368506132,0.368576392,0.331906071,0.401835303,0.378601693,0.358112431,0.38218424,0.356331275,0.358310269,0.351461651,0.351192369,,,,0.370548258,0.392524125,0.407931082,0.484205925,0.365617679,0.46435267,0.359826977,0.387260453,0.416991172,0.40086869,0.374578994,0.432479717,0.395997994,0.392406257,0.406614482,,0.402204939,0.371530718,0.406384839,0.398454364,0.406496912,0.338299514,0.364773481,,0.385718545,0.387383128,0.3585339,0.354308851,0.358034358,0.366527487,0.367757903,0.355778219,0.367926694,0.363396473,0.343634679,0.352865835,0.37531124,,0.336261472,0.374765581,0.347568613,0.406718316,0.369031896,0.378471126,0.338896535,0.353263916,,,,0.414997564,0.361989591,0.332098965,0.402166469,
228,0.338559899,0.376877558,0.339946884,0.372996327,0.346446627,0.451660771,0.386337164,0.386029386,0.403575411,0.402322333,0.381452365,,0.347848625,0.376474737,,0.364841541,0.452469179,0.410415421,0.402947387,0.376932513,0.375344018,0.331413393,0.402561706,0.368567788,0.358221158,0.388609604,0.356299718,0.361764208,0.350636521,0.351296133,,,,0.363840049,,0.412012323,0.484913,0.35919302,0.468709165,0.359380901,0.376790704,0.413196302,0.406742197,0.377080398,0.433949829,0.398897183,0.391063634,0.393012015,,0.414591295,0.379111038,0.412799022,0.400512584,0.399411419,0.337632279,0.365605461,,0.372907405,0.381313752,0.365601511,0.35030221,0.357931402,0.363083947,0.365636717,0.343912096,0.367273744,0.366113888,0.341316119,,0.367657635,,0.33883512,0.368666377,0.348325795,0.412161807,0.378097039,0.376643712,0.339016871,0.351487307,0.35392939,0.358851019,,0.423130751,0.365093212,0.32925003,0.406608233,
229,0.339840501,0.374276681,0.336709232,0.376338673,0.347180261,0.45355962,0.389471751,0.383381743,0.398883189,0.402359083,0.378479486,0.377889125,0.351602938,0.389295779,0.387096347,0.367937748,0.448856475,0.400098581,0.397638634,0.371907593,0.37362572,0.332562431,0.399869576,0.365471439,0.355279788,0.391764507,0.356649703,0.364408626,0.349877146,0.348299376,,,,0.373475501,0.401533415,0.411509544,0.488294097,0.359332434,0.456378901,0.358860128,0.379323012,0.411323003,0.402541566,0.378591144,0.435323519,0.396447585,0.384532147,0.394272361,0.427619082,0.414079544,0.377359772,0.407676279,0.390910913,0.405682077,0.337943659,0.365333726,,0.371202643,0.374172105,0.371552601,0.350185714,0.358466771,0.361393316,0.366673326,0.348231791,0.367726797,0.359343735,0.342432556,0.357025016,0.370644142,,0.337035815,0.36880267,0.348383315,0.405686403,0.368586291,0.374823405,0.338228695,0.349466718,0.351441632,0.355829709,,0.422311219,0.363080548,0.33098131,0.400914292,
230,0.339153967,0.379842562,0.339723055,0.376818866,0.346802471,0.442722376,0.388177191,0.385989208,0.405097531,0.397487896,0.380421534,0.377919417,0.349360815,0.379186062,0.384514534,0.367060328,0.450626286,0.37896515,0.394401044,0.376849574,0.370126028,0.330155444,0.36209493,0.359643583,0.354390532,0.384473984,0.355702198,0.358708043,0.350282057,0.348754144,,,,0.367147924,0.390507651,0.412091267,0.495424941,0.353968824,0.464860317,0.36100569,0.377602936,0.411535547,0.40421406,0.377387782,0.437047999,0.391306729,0.383585554,0.389648805,0.416991294,0.413166369,0.374073695,0.405427978,0.397529845,0.398916355,0.337928008,0.36668857,,0.379252683,0.380548419,0.368004986,0.352091754,0.36129399,0.360452663,0.366218306,0.349164,0.369044834,0.363272091,0.340720804,0.358493093,0.37335218,,0.340889389,0.372328624,0.34562548,0.403867618,0.375138248,0.376953748,0.335269655,0.353371423,0.34873546,0.35198707,,0.412965066,0.367649422,0.330577233,0.398685339,
231,0.340973481,0.369153785,0.338209872,0.375532762,0.34646177,0.456753374,0.385421511,0.385273677,0.406238594,0.40143057,0.375182064,0.37673009,0.347886603,0.384529775,0.382777668,0.362437453,0.447895688,0.396742747,0.406360661,0.379345544,0.373654115,0.330675572,0.391286897,0.380916253,0.353121698,0.381991594,0.354884191,0.357298783,0.349141478,0.348761068,,,,0.367147437,0.392537915,0.411269884,0.483607503,0.354086315,0.464435789,0.356916946,0.37656079,0.415074175,0.40486026,0.376884406,0.430444868,0.398432294,0.391060961,0.389129019,0.428971096,0.414760688,0.378341009,0.367982491,0.396353138,0.409483928,,0.365765041,,0.373443482,0.373578108,0.37383288,0.349471152,0.360634448,0.362601727,0.369902822,0.346609178,0.368303357,0.365486174,0.343288284,0.355673264,0.366971703,,0.336274849,0.367903745,0.349087426,0.372440065,0.379899381,0.378652663,0.339565047,0.352410277,0.349023085,0.358505539,,0.424466568,0.364340287,0.328127692,0.374536588,
232,0.337090177,0.376504091,0.338514051,0.37366064,0.344228025,0.454424698,0.386160023,0.38794096,0.396907787,0.399684715,0.380467111,0.376856362,0.35343062,0.386910726,0.383718256,0.354902285,0.459061069,0.395413494,0.383208111,0.3681537,0.365922484,0.330579291,0.40311833,0.374367505,0.360189267,0.376817492,0.35447552,0.362002443,0.349335495,0.345096917,,,,0.368954636,0.398033951,0.408403921,0.477321738,0.354455412,0.499121098,0.35199056,0.377005651,0.420847422,0.399215842,0.377237038,0.434045431,0.398894982,0.38195525,0.392027157,0.417609203,0.417036419,0.368306936,0.36946263,0.392486854,0.407368134,,0.366391504,,0.400406836,0.381470567,0.371776751,0.353329603,0.360994444,0.36225838,0.368652669,0.347551276,0.374487944,0.362418601,0.346319638,0.35841245,0.37298557,,0.335872205,0.369369412,0.347169336,0.376271047,0.36790765,0.377313472,0.339005903,0.352198839,0.355548885,0.363701356,,0.405068823,0.361140534,0.328519271,0.384992286,
233,0.337873919,0.380187842,0.339983488,0.375709208,0.345926187,0.468684407,0.377151876,0.380217413,0.396446125,0.39930186,0.376794003,0.37615037,0.356751246,0.387347586,0.382782694,0.371906175,0.436351913,0.408020521,0.40485583,0.356001609,0.367293123,0.332257381,0.407847175,0.368549699,0.359714755,0.383433903,0.354754301,0.359497415,0.348346854,0.347039586,,,,0.370064763,,0.415586691,0.469498638,0.35783044,0.463195962,0.347950998,0.406862364,0.438771676,0.400091563,0.379270563,0.429504805,0.39292759,0.39136425,0.398884988,0.424283612,0.408086775,0.36530961,0.400525697,0.397339847,0.404909206,,0.365839616,,0.385335293,0.383329425,0.372273828,0.358846482,0.357275174,0.358256999,0.36529654,0.341135129,0.371172237,0.363684205,0.344648871,0.357514494,,,0.335073375,0.365245489,0.346295313,0.401890498,0.356555028,0.378617545,0.339715467,0.350957328,0.356220269,0.360992115,,0.427749115,0.361735197,0.329347055,0.397409873,
234,0.340801693,0.382380534,0.340793605,0.378741489,0.34315339,0.479278211,0.373516332,0.39161852,0.396770174,0.403734541,0.376774554,0.37631611,0.344542978,0.375017922,0.383227506,0.362709374,0.447303826,0.395134901,0.409545277,0.374277659,0.376370298,0.331315268,0.38139837,0.370960391,0.362324528,0.38246511,0.353845416,0.358696335,0.349286349,0.343342965,,,,0.368761518,0.389835127,0.405410653,0.494421226,0.35195285,0.462704148,0.345995311,0.379064245,0.412245653,,0.375336507,0.436352079,0.385868948,0.395698075,0.395568123,0.406683893,0.403049276,0.379249884,0.397847045,0.400870221,0.403266256,,0.365081988,,0.365742272,0.355441692,0.373855891,0.349496587,0.353832544,0.355062729,0.365616358,0.337262022,0.364245404,0.363260011,0.343057902,0.355928134,0.357934522,,0.335191353,0.357327374,0.346897806,0.401799705,0.376136268,0.37619378,0.336279009,0.351748902,0.350387161,0.354320683,,0.425622209,0.362968376,0.331197785,0.393716425,
235,0.340552853,0.375569871,0.338895446,0.374984208,0.34510069,0.479516954,0.387084387,0.38575295,0.400053965,0.40338432,0.375768184,0.375786344,0.346626764,0.380679206,0.38457979,0.364479476,0.428010361,0.363528214,0.396638399,0.376335909,0.374139479,0.331381277,0.382584164,0.377077504,0.357828688,0.38728706,0.354621069,0.353881244,0.349769384,0.346204065,,,,0.372331113,0.40986799,0.407791617,0.480169506,0.350452726,0.453418751,0.351936608,0.390255908,0.408018138,,0.374128171,0.431722881,0.393374462,0.386085738,0.391984563,0.426527614,0.402045461,0.377015025,0.407060614,0.402824075,0.381998641,,0.363844773,,0.379629632,0.372567282,0.373617771,0.350274945,0.359758052,0.360784912,0.368017449,0.342395428,0.373089725,0.36476832,0.342929452,0.35628256,0.36790885,,0.333942177,0.365626329,0.347409095,0.40592065,0.376690595,0.376291286,0.339906976,0.350762127,0.347613516,0.355612534,,0.419140527,0.365175331,0.329409979,0.402522289,
236,0.336446927,0.378016452,0.338812765,0.375606378,0.348064957,0.458845815,0.380341748,0.384495694,0.40799933,0.400776178,0.386342834,0.376267946,0.360595714,0.386604855,0.384542469,0.368885968,0.444492541,0.401430907,0.403743904,0.371804969,0.370327635,0.331898789,0.406483794,0.367488177,0.355700341,0.38259056,0.353629407,0.357579319,0.350165327,0.348341067,,,,0.370292997,0.401073324,0.404924817,0.4809155,0.35261863,0.455131004,0.357990496,0.380588079,0.417798178,0.403270122,0.373225535,0.428865268,0.373582563,0.383670418,0.380092529,0.421334976,0.406758052,0.374544528,0.396643949,0.393682858,,,0.366561667,,0.386526777,0.369711293,0.373161937,0.350745227,0.358937839,0.359893064,0.366969312,0.340540253,0.370489601,0.363694547,0.345564948,0.356647659,0.366702626,,0.332735931,0.363656243,0.346402134,0.401015313,0.372197841,0.375670289,0.338390715,0.350336633,0.358440317,0.364120486,,0.425097083,0.362646425,0.332520016,0.403767002,
237,0.335860657,0.369379007,0.337102781,0.378315175,0.346478253,0.466365232,0.388737588,0.392148971,0.400416704,0.400164219,0.379880101,0.376291033,0.34821622,0.392134435,0.385318154,0.370098517,0.434755004,0.416038442,0.398558529,0.366030201,0.365747273,0.336537002,0.411791557,0.375258857,0.357359598,0.376861081,0.353171287,0.353920901,0.349151655,0.349735479,,,,0.370882215,0.391666763,0.411162526,0.439084568,0.354316471,0.453319552,0.356460431,0.384218063,0.410144864,0.401284888,0.373293552,0.434686592,0.384796712,0.381323536,0.386387148,0.428903583,0.414224331,0.368788925,0.391307509,0.399093205,0.399307939,,0.365536204,,0.387039555,0.375156391,0.373730873,0.34980025,0.357408339,0.358361598,0.36593958,0.33930326,0.370859163,0.359291171,0.345786141,0.354853851,0.36966696,,0.331717831,0.36240779,0.34821743,0.395070115,0.365965792,0.372517809,0.335680528,0.349773251,0.347996166,0.353673733,,0.416419864,0.363623858,0.333555509,0.401269194,
238,0.337315389,0.377765933,0.347620479,0.386225195,0.345584317,,0.374289637,0.387750757,0.397100077,0.404071658,0.379596486,0.375173972,0.353121819,0.382065129,0.383313609,0.367736101,0.445987305,,,0.369215143,0.370342012,0.33040411,,0.368160313,0.360532795,0.380478125,0.353899493,0.361828455,0.350461711,0.348204456,,,,0.367850388,,0.405423052,0.472005337,0.355691576,0.46048846,0.349090744,0.376428988,0.410385479,0.399369191,0.373009251,0.431530947,0.386559148,0.391301561,0.387738289,0.418263609,0.410608621,0.374148315,0.403478265,0.388871846,0.39826025,,0.366121411,,0.380734233,0.377262284,0.37353245,0.352308451,0.35610878,0.359130342,0.364231327,0.338082634,0.368937467,0.363979213,0.345235773,0.356517613,0.36382918,,0.331135077,0.362242037,0.347590103,0.40292419,0.369215995,0.376389928,0.335514472,0.35142497,0.358843157,0.348634709,,,0.360921516,0.331941292,0.39546365,
239,0.339858201,0.377908652,0.339679687,0.390024562,0.345400528,0.497137223,0.383300062,0.36837809,0.397511011,0.399064199,0.37786194,0.3744293,0.346800794,0.361731085,0.38089336,0.356440098,0.432025699,,,0.37063273,0.381006257,0.332221474,,0.380209067,0.362888563,0.371763176,0.352415479,0.351275899,0.349576032,0.350021522,,,,0.369973755,0.400679737,0.40069548,0.476129738,0.356718759,0.440710069,0.351880852,0.38857592,0.408553978,0.386649793,0.374948697,0.429206178,0.37199698,0.39187897,0.388195637,0.415231948,0.410375935,0.385680621,0.398791649,0.387668603,0.390020177,0.336585453,0.366788602,,0.372724679,0.369770093,0.374284718,0.348112614,0.353193102,0.358528905,0.360351728,0.33595206,0.363279432,0.363691354,0.343934472,0.357090372,0.360889308,,0.330807585,0.362536321,0.348098947,0.398757803,0.370289768,0.374364701,0.335850804,0.352382832,0.34784383,0.35194178,,,0.362449723,0.331493662,0.395447531,
240,0.340518244,0.379388682,0.339328434,0.392108127,0.346663236,0.463756493,0.384380356,0.386364552,0.393733587,0.389427289,0.377830068,0.371717196,0.348440874,0.376362469,0.376235128,0.36171951,0.446424118,,,0.359755369,0.364039933,0.333434403,,0.370165305,0.36010856,0.37278419,0.353467008,0.349335864,0.352180891,0.348236602,,,,0.367423033,0.403063897,0.406236944,0.492644645,0.356266464,0.460296638,0.33223086,0.380666397,0.413297548,0.404606014,0.377790636,0.432142161,0.391327337,0.391854503,0.395521028,0.407336331,0.4119046,0.368982987,0.398115225,0.393263245,0.395365069,0.328217801,0.367161258,,0.378206351,0.371381163,0.377569634,0.354085863,0.353444211,0.357569473,0.371012925,0.33748213,0.368602429,0.360183711,0.345788896,0.359239043,,,,0.360379789,0.345635343,0.396198413,0.360440801,0.375926209,0.336658621,0.352256942,0.348168829,0.352509648,,,0.361267082,0.333131376,0.395111823,
241,0.341932887,0.377325565,0.33885727,0.388069438,0.347524613,0.474574003,0.390772114,0.382600384,0.392392793,0.402158041,0.37579623,0.373859498,0.350222297,0.378264126,0.381442784,0.365088931,0.44640464,,,0.357205672,0.359322259,0.331290408,,0.374631744,,0.370834345,0.354276017,0.357984173,0.352120597,0.346762452,,,,0.370458365,0.395398111,0.408069211,0.478523086,0.356283488,0.454717962,0.347054938,,0.413972472,0.404215255,0.374920119,0.426865334,0.385925104,0.388569766,0.392627759,0.408680584,0.410485765,0.361160862,0.397732941,0.394659131,0.388891944,0.335070169,0.367905586,,0.374281122,0.378670661,,0.354308143,0.353290073,0.357713918,0.365881109,0.334707097,0.37031514,0.364104783,0.347597702,0.359405006,0.370304712,,0.328941262,0.359040398,0.346212816,0.399309894,0.356507739,0.365195258,0.338691753,0.353568979,0.347946039,0.354370407,,,0.36054971,0.329523477,0.396420978,
242,0.338898787,0.375916868,0.340137609,0.394259728,0.344677988,0.454242333,0.380984933,0.387562738,0.387343422,0.39907357,0.376622833,0.37528589,0.349377548,0.382668851,0.3832075,0.363084337,0.437291384,,,0.380789245,0.376875141,0.331839264,,0.380726159,,0.371583322,0.351784175,0.356879791,0.349234495,0.351296291,,,,0.36763751,0.385341887,0.40899176,0.480342271,0.353278683,0.451902334,0.354890345,0.388710551,0.410146562,0.402209413,0.37346143,0.431060301,0.38862125,0.390845225,0.40014198,0.407974288,0.41246352,0.374452056,0.401063114,0.395910455,0.393724257,0.336898743,0.365841769,,0.364097589,0.379501749,,0.352167903,0.353546002,0.356867993,0.360130988,0.333291898,0.366690049,0.363864278,0.346481845,0.356407248,,,0.325317185,0.354812385,0.344234882,0.400906284,0.372607255,0.372450152,0.335073764,,0.350826623,0.35718182,0.34886481,,0.361729601,0.328184684,0.396634552,
243,0.338744043,0.368839299,0.337978996,0.396792062,0.345044152,0.457654844,0.384591992,0.371150313,0.392187584,0.394315294,0.376404237,0.374047401,0.349922162,0.365026128,0.382205745,0.367062454,0.443734254,,,0.375778425,0.37543189,0.331699322,,0.37674553,,0.372601778,0.353834476,0.356792601,0.351870632,0.350399886,,,,0.365480721,0.379595845,0.40459712,0.473603573,0.35364764,0.459775261,0.35770835,0.396934715,0.411292361,0.398409534,0.374770784,0.42678767,0.392717356,0.38931425,0.397251734,0.405500631,0.412087071,0.379148483,0.40081263,0.393409379,0.395784817,0.336048508,0.36564628,,0.367851342,0.362373256,,0.35197582,0.35238885,0.35342906,0.361783744,0.335423354,0.366577547,0.364071982,0.344580914,,0.36570547,,0.329676695,0.357013872,0.348404716,0.393618085,0.374221366,0.373746493,0.338607382,0.35456828,0.353166523,0.354465118,0.352561036,,0.359191027,0.332070472,0.39635767,
244,0.339652921,0.373238885,0.337607328,0.397547297,0.346343388,0.450173928,0.388402614,0.387983905,0.397423606,0.396811294,0.37246064,0.372934036,0.349200936,0.37675142,0.380670369,0.363873382,0.448031877,0.402211678,0.390238804,0.371952899,0.372575135,0.332344311,0.40253295,,,0.377497374,0.351249527,0.353432089,0.352386086,0.351799553,0.344304722,0.350715146,0.334825022,0.372947444,0.369540333,0.407298149,0.486757308,0.353241871,0.464907382,0.358611248,0.377104266,0.413871857,0.404976782,0.373691066,0.426444354,0.389898123,0.394609386,0.394537824,0.417525837,0.412869345,0.376902322,0.397723303,0.394783646,0.389249033,0.336708731,0.364708374,0.379687081,0.367226329,0.370788913,,0.347875944,0.353105186,0.357462243,0.363879795,0.336963144,0.362957024,0.363192736,0.344427268,0.360681527,0.363302016,0.345539988,0.324521177,0.356730333,0.348635302,0.395972421,0.372576284,0.371845332,0.337234122,0.35184045,0.352895606,0.355848429,,0.408373347,0.357342816,0.328777836,0.391163855,
245,0.338677434,0.372531234,0.339034156,,0.346495351,0.486176448,0.38251459,0.380514707,0.390932147,0.398318998,0.377038239,0.373004741,0.337757261,0.375633739,0.381193907,0.364740234,0.445448427,0.397594931,0.397210281,0.37472606,0.374644376,0.330681373,0.386352344,,0.352238725,0.37899033,0.35299007,0.355761232,0.353071601,0.351663891,0.335613842,,0.331450251,0.36643499,0.392987424,0.407880904,0.481189397,0.354404406,0.457979503,0.35993328,0.376941423,0.409996366,0.405035058,0.37409491,0.425427547,0.390999984,0.379263191,0.383042953,0.414290065,0.408061837,0.378978497,0.39798164,0.396214855,0.391203871,0.336385435,0.372970716,0.369551599,0.371361119,0.372749429,,0.351464071,0.351825194,0.353801443,0.36264952,0.335470155,0.365552395,0.366169443,0.34523979,0.361386445,0.367304461,0.342015668,0.326677596,0.358537961,0.344012741,0.397754757,0.374548473,0.372270588,0.33783304,0.351976037,0.347989023,0.35254313,,0.411591109,0.360490497,0.331070103,0.393447101,
246,0.338215037,0.366266407,0.34326108,0.390949241,0.345459709,0.456037059,0.383904997,0.382519512,0.393544742,0.395777514,0.375785067,0.373759032,0.348477818,0.373762244,0.381050795,0.367582753,0.444855407,0.408218819,0.395055292,0.377084258,0.37262138,0.331075466,0.400118837,,0.349407509,0.379537865,0.351239087,0.34970962,0.352439708,0.346315321,0.336413009,,0.326251829,0.367147486,,0.408730377,0.474626673,0.358281804,0.461003112,0.358763357,0.376054024,0.409690439,0.398291572,0.373682887,0.428062497,0.388151647,0.39010309,0.388829765,0.407900934,0.408279591,0.380082185,0.397040941,0.394781238,0.393260635,0.336560767,0.371544752,0.378301844,0.378014444,0.376836696,,0.350135875,0.351981291,0.355130771,0.360946744,0.334388568,0.368073493,0.367377212,0.345425172,0.35974084,,0.346002075,0.324779099,0.357033531,0.346677751,0.398563556,0.379277961,0.372200999,0.338206053,0.352996798,0.341650382,0.346228991,,0.413548879,0.356824571,0.330879939,0.391723772,0.33002979
247,0.337941487,0.377484327,0.341294543,0.392696899,0.34588781,0.45411939,0.381503018,0.386683253,0.388978837,0.384705056,0.373773256,0.373756717,0.344199335,0.390676641,0.381313109,0.350302543,0.44022874,0.405100777,0.397814008,0.370801589,0.372072382,0.335295049,0.403389736,,,0.377828091,0.352737805,0.350273858,0.349741286,0.349105716,0.336143204,,0.33379567,0.373861622,0.403346437,0.405207688,0.485068604,0.353801104,0.442901875,0.357379811,0.383514699,0.408290306,0.403328319,0.37310542,0.419815825,0.377394643,0.38611806,0.392268804,0.405114734,0.41139898,0.373958963,0.397446543,0.395824268,0.396195469,0.336922705,0.367820433,0.375955739,0.368570472,0.380070722,,0.349915227,0.35115735,0.356315854,0.360870348,0.33458759,0.367576841,0.369001135,0.343934499,0.360256335,0.365685019,0.344520964,,0.359531654,0.348109598,0.397395198,0.368863708,0.371674651,0.335869202,0.35151939,0.348698319,0.351572554,,0.41268286,0.356158724,0.332736807,0.387516349,0.32908265
248,0.337462105,0.375315671,0.338011217,0.390128109,0.346348967,0.454488082,0.387108717,0.378910717,0.39366557,,0.379649707,0.370227942,0.34729444,0.374950428,0.378627116,0.363541889,0.445274048,0.402631674,0.391029158,0.37059879,0.373734402,0.335505337,0.400926053,,,0.377797771,0.349466493,0.348242705,0.348424481,0.348385335,0.336607253,,0.335577177,0.366022006,0.380169888,0.404902892,0.473081433,0.356507095,0.456648661,0.354631421,0.374849552,0.413058793,0.403879194,0.369945899,0.427661008,0.392186126,0.387044711,0.39779298,0.408261324,0.408918842,0.375806436,0.391263652,0.399368073,0.393384774,0.334571068,0.368437166,0.372620235,0.378188459,0.37557813,,0.351557691,0.350535001,0.354656681,0.358642222,0.33509421,0.365542095,0.368200334,0.342271854,0.360046199,0.363569194,0.338406568,0.33103057,0.358339675,0.346396389,0.399870399,0.363701916,0.371661264,0.334567999,0.353137706,0.346633515,0.348680095,,0.412252554,0.35615248,0.330338601,0.392181871,0.329249628
249,0.337996291,0.37166713,0.339905794,0.385760349,0.344128966,0.461892142,0.384130006,0.386957217,0.390967284,0.39528686,0.377677541,0.371138538,0.346225522,0.377600969,0.378971682,0.364833625,0.44469476,0.402290159,0.39797504,0.375674389,0.374295901,0.332609689,0.398547718,,,0.387259285,0.350408624,0.350921296,0.351155498,0.350746432,0.336077564,,0.330834555,0.365072528,0.404046438,0.407170065,0.501766805,0.363695063,0.45021308,0.355319998,0.372870434,0.412306397,0.404305292,0.373796839,0.426457875,0.390053774,0.391233002,0.395208529,0.407351484,0.409112286,0.377789328,0.394902878,0.39312772,0.393938279,0.335352988,0.372444249,0.378822677,0.365341224,0.37683412,,0.348847486,0.349647254,0.35460239,0.361121735,0.334471979,0.367173494,0.364241581,0.342964397,0.360044087,0.361738758,0.338776714,0.329676444,0.354505315,0.345200201,0.400262566,0.366554718,0.371515863,0.334464297,0.352966385,0.351052103,0.355560873,,0.41770169,0.355853868,0.333621744,0.390742013,0.331617006
250,0.339751343,0.368956248,0.34349715,0.389475985,0.343841489,0.446826666,0.387775811,0.381154311,0.376071735,0.379319921,0.374999386,0.371773088,0.353137571,0.379913352,0.379481701,0.365091822,0.447464159,0.401509146,0.395069654,0.374414382,0.378988768,0.332756757,0.402420065,,,0.38899418,0.348978005,0.357387927,0.350730735,0.350236061,0.336346583,,0.331341109,0.358794247,0.421474479,0.405185511,0.474038123,0.348071979,0.465966075,0.35959468,0.372477213,0.41303873,0.404500439,0.36793066,0.429788465,0.388606717,0.396028813,0.391749509,0.424308289,0.414260662,0.379182679,0.398479657,,0.396865122,0.33620991,0.369158037,0.382411328,0.37575514,0.373174161,,0.35086096,0.348983278,0.353480011,0.358566863,0.334246534,0.365501047,0.365299963,0.333971123,0.357962996,0.358846264,0.342277265,0.330781438,0.353976236,0.345889227,0.398509103,0.378213083,0.374224821,0.333593113,0.352492471,0.352069938,0.35820493,,0.411965702,0.361266337,0.333573388,0.392019872,0.328226236
251,0.339190252,0.377541917,0.339219394,0.388664607,0.34460145,0.461223662,0.374756148,0.390227805,0.399052711,0.403532191,0.374527167,0.374192279,0.348346654,0.374351279,0.380821218,0.367451993,0.44651258,0.393912398,0.387569221,0.375326532,0.373263557,0.3326839,0.393771572,,0.351451046,0.382900879,0.351142473,0.344448456,0.350937933,0.350390826,0.335685309,,0.335256768,0.360631717,0.392523827,0.403053616,0.474681555,0.354590533,0.458178468,0.361015573,0.383637371,0.410866413,0.39526977,0.367218183,0.424088425,0.3845659,0.369685549,0.367836909,0.410749411,0.411381232,0.378167585,0.397226139,0.39922564,0.390298574,0.335346831,0.369834769,0.376916062,0.37550445,0.370320947,,0.354967665,0.348981366,0.354181848,0.359030422,0.335785151,0.365258804,0.369907224,0.3432031,0.358172199,0.358003423,0.34382245,0.326066879,0.352342753,0.345074997,0.396771644,0.37510654,0.373154137,0.336039707,0.35270852,0.35004475,0.35610366,,0.411700188,0.357859702,0.332678962,0.393123717,0.332761251
252,0.33989218,0.369845763,0.345133935,0.386926644,0.345439428,0.447024935,0.364219892,0.385114959,0.392494306,0.398844188,0.381077128,0.371997573,0.349419297,0.369593617,0.380749882,0.366552854,0.448576808,0.386599184,0.386914512,0.376897531,0.372243396,0.328952621,0.386477185,,0.354214641,0.379107184,0.351065678,0.342512097,0.349411413,0.351005395,0.335609473,,0.331680785,0.36176326,0.393311317,0.400996965,0.482616073,0.345258042,0.465439305,0.357781096,0.373805292,,0.405153464,0.371483273,0.422543575,0.380023496,0.386081026,,0.413925418,0.414161164,0.375293109,0.398668144,0.391517897,0.380474603,0.33664282,0.37247612,0.360290467,0.379443689,0.371127998,,0.350996277,0.348103947,0.353055157,,0.336740065,0.367028646,0.369193223,0.340720412,0.359678878,,0.343857167,0.327465461,0.352407205,0.345912777,0.398617082,0.376684644,0.374927762,0.333086306,0.351812305,0.352084651,0.356862516,,0.403241968,0.357869775,0.331857425,0.384786526,0.32667488
253,0.336269302,0.371978385,0.340181434,0.387487519,0.344206005,0.471222736,,0.381100936,0.385399145,0.3923803,0.369686099,0.37306852,0.350186743,0.372907059,0.378375803,0.355782321,0.427976917,0.330109484,0.386101729,0.377106188,0.375933549,0.332614674,0.330102617,,0.355320745,0.377237479,0.351030386,0.338167498,0.350915876,0.351009789,0.335576994,,0.33024913,0.362026205,,0.400831233,0.470530782,0.354106608,0.446515585,0.362306063,0.37941122,0.406313919,0.393230465,0.372716389,0.419279157,0.389756962,0.390572903,0.387841738,0.404140086,0.401541695,0.378131724,0.394739631,0.39361037,0.395026022,0.337915379,0.370756013,0.37089306,0.370120062,0.368814847,,0.348161961,0.347309056,0.351524716,0.359935979,0.331510733,0.362846788,,0.341024859,0.360317483,0.363110161,0.34195913,0.32638488,0.35170896,,0.393086034,0.377683433,0.374166179,0.335092032,0.356125281,0.349912305,0.354874867,,0.411479389,0.359517005,0.331896791,0.383605471,0.326150328
254,0.340334594,0.378277348,0.345887091,0.386537946,0.343828703,0.461451918,0.376433162,0.378223451,0.389143216,0.401268326,0.374241082,0.373071458,0.352856108,0.366644084,0.378255169,0.367290207,,0.408882125,0.395075859,0.376661613,0.376616153,0.330392886,0.408831847,,0.354500699,0.385007512,0.349920432,0.345225729,0.351045418,0.34953613,0.33554647,,0.330455193,0.359953019,,0.399994497,0.470182,0.356604196,0.455974694,0.343094969,0.371201235,0.410840748,0.396706487,0.37329602,0.412106526,0.385453373,0.389590136,0.389765462,0.41049321,0.399906324,0.380033714,0.384098291,0.394611905,0.397638202,0.336860154,0.371171661,0.383682681,0.374084238,0.366205621,,0.346762028,0.3466225,0.351851442,0.359199606,0.336364429,0.365062941,,0.34500167,0.354043555,0.361891444,0.340316884,0.324919706,0.352142609,,0.388559975,0.37670085,0.370111905,0.334548108,0.351939108,0.349388407,0.353225743,,0.410153199,0.357329077,0.332562251,0.388821504,0.324303271
255,0.336525889,0.374830222,0.345408319,0.386860524,0.344644903,,0.383133299,0.386110367,0.396983749,0.397159317,0.383908015,0.371976001,0.34822141,0.365994002,0.380412486,0.353151459,0.443760327,0.391424991,0.394056402,0.376005115,0.374612678,0.33201546,0.381084748,,0.35537249,0.37853208,0.350309496,0.345360391,0.349898821,0.34935963,0.33532497,,0.330038918,0.359842463,0.397108365,0.400375007,0.465660773,0.354063628,0.453708791,0.353666414,0.372974008,0.414608722,0.400685257,0.373015052,0.423474202,0.380710257,0.382621153,0.392506332,0.409397154,0.403603384,0.377192033,0.391567176,0.391987269,0.389575019,0.329929319,0.371859028,0.363062148,0.370999122,0.372146337,,0.349243997,0.345285079,0.350047506,0.356116392,0.336003397,0.364113804,,0.344544933,0.353152758,0.366958272,0.344261959,0.32539239,0.350352976,,0.389520909,0.376859919,0.375167015,0.333172351,0.353315742,0.348008762,0.356040129,,0.406357526,0.369492406,0.33309354,0.385205642,0.324949886
256,0.333624502,0.371457107,0.339515578,0.384442436,0.344085662,,0.375971322,0.394472503,0.391308828,0.402402651,0.382500108,0.374056143,0.352374191,0.380550224,0.379238366,0.356419331,0.448498017,0.391227572,0.393390421,0.378394184,0.374902959,0.331063946,0.381817778,,0.359077795,0.380943317,0.347245544,0.342490177,0.348236597,0.345613703,0.335077539,,0.33106163,0.36291634,0.383723585,0.402185999,0.484520095,0.362559945,0.477828163,0.351895369,0.37863689,0.428446362,0.387737975,0.370873243,0.420556288,0.37589428,0.382031506,0.391553388,0.391835141,0.40030209,0.377689819,0.389880926,0.39458456,0.390222717,0.338787249,0.367614672,0.363812685,0.369498318,0.36600616,,0.347513426,,,,,,,,,,,,,0.342673221,0.38809261,0.376346592,0.371214206,0.33375826,0.349552542,0.366070649,0.371253574,,0.400682844,0.359072833,0.327525544,0.383004969,0.326718797
257,0.334568104,0.38079406,0.344145333,0.384065836,0.343367474,,0.379295576,0.372582746,0.387476757,0.403366901,0.366581508,0.37300713,0.355292872,0.375433743,0.380615406,0.362648223,0.433287426,0.413570282,0.38715602,0.378302048,0.375513524,0.331391702,0.393529159,,0.359108202,0.380482703,0.348258479,0.343601725,0.349394998,0.345767492,0.33499822,,0.333910952,0.360797549,0.395909702,0.3967998,0.472976155,0.362272801,0.451407831,0.351477461,0.380254409,0.408479817,0.389394377,0.370413443,0.410603345,0.38318313,0.378902768,0.389705793,0.38613023,0.399890909,0.378217364,0.390309057,0.394432347,0.38641454,0.334989207,0.368825093,0.3728669,0.362665525,0.366432917,,0.346185391,,,,,,,,,,,,,0.34498117,0.389675501,0.377784036,0.372964974,0.334017399,0.354731213,0.362220265,0.365312511,,0.397029922,0.354003032,0.329739773,0.385566877,
258,0.334431796,0.375535208,0.342338167,0.382815038,0.344518344,0.441957937,0.38028007,0.380427173,0.385988816,0.395249204,0.37319909,0.372139639,0.348483757,0.367816169,0.380826446,0.370427455,0.446465282,0.414670686,0.383209411,0.371411732,0.377978509,0.336430509,0.411354161,,0.355561148,0.381864326,0.342098084,0.352493208,0.350691143,0.346549721,0.33610246,,0.332361594,0.361173697,0.39765414,0.401904599,0.468215447,0.362280605,0.457258202,0.353599887,0.375373061,0.411803759,0.40262487,0.370330122,0.408561192,0.383429916,0.382973052,0.390171855,0.384372191,0.406240398,0.377237959,0.385226948,0.390629058,0.382140445,0.336939657,0.371185462,0.373721925,0.356992763,0.363201051,,0.345492152,,,,,,,,,,,,,0.347497513,0.385240837,0.377056013,0.372401507,0.333578287,0.35188805,0.352582175,0.357755774,,0.390379192,0.355589527,0.329039375,0.380610148,0.329680887
259,0.32324422,0.372862817,0.3415474,0.392330607,0.345212598,0.447121973,0.386117892,0.375853806,0.392280275,0.38930021,0.371112193,0.372081121,0.354617078,0.362407107,0.380110955,0.369372107,0.446592942,0.391794508,0.380210282,0.374848563,0.371270596,0.3347949,0.389378918,,0.354144549,0.381958406,0.343358976,0.346167566,0.347231752,0.344123096,0.335172358,,0.3307527,0.360480693,0.385031901,0.402595511,0.466268901,0.355592332,0.45200575,0.354955269,0.372499953,0.410240775,0.402632895,0.370322263,0.407503743,0.380700374,0.382331875,0.389325922,0.377272321,0.404640901,0.374394244,0.380506407,0.390000829,0.376149786,0.339336433,0.373081237,0.368661335,0.355089436,0.359050978,,0.346527403,,,,,,,,,,,,,0.344550039,0.379288847,0.367550446,0.372695221,0.332326092,0.350381054,0.356198077,0.360526835,,0.384687179,0.345368173,0.332304756,0.375570775,0.330828685
260,0.323262299,0.371664746,0.340975186,0.390094021,0.345324635,0.437787693,0.380914821,0.377930284,0.383354788,0.389507482,0.367233029,0.372026982,0.346000038,0.374866559,0.379953344,0.368492886,0.443481854,0.390177776,0.378106274,0.377767172,0.371055943,0.335641906,0.411212797,,0.351352978,,0.343403507,0.338834743,0.349091064,0.348460543,0.335412085,,0.33260828,0.361623384,0.388604906,0.402174533,0.464815128,0.356636702,0.449392762,0.35330737,0.369858354,0.410148325,0.402321718,0.37371465,0.406487241,0.3799063,0.382237332,0.389037472,0.403909054,0.403092366,0.373413556,0.380659869,0.38970252,0.377564857,0.339359649,0.368495146,0.376252233,0.350497692,0.350492158,,0.347749998,,,,,,,,,,,,,0.345632293,0.383437032,0.378276973,0.370449605,0.33112136,0.352045007,0.345217567,0.355105488,,0.38290295,0.358029956,0.329175711,0.376629506,0.331304348
261,0.34860146,0.370922732,0.341419669,0.388035328,0.345627108,0.453034322,0.379411235,0.378264596,0.382515076,0.393202931,0.372862108,0.371658436,0.352356402,0.362518636,0.379593275,0.368037451,0.443701694,0.409364728,0.37797559,0.374948465,0.376136001,0.334361501,0.408663996,,0.35197196,,0.344385287,0.341535767,0.352007329,0.346645505,0.336262636,,0.329120154,0.361218355,0.391061231,0.397840537,0.463112373,0.358514796,0.45445012,0.353722184,0.367884988,0.410652365,0.390969732,0.369616198,0.403877756,0.377729065,0.390264303,0.391097277,0.391571132,0.40444128,0.380755256,0.377664436,0.388712373,0.378295608,0.338959257,0.369366395,0.370426083,0.351076752,0.367479308,,0.343882929,,,,,,,,,,,,,0.344085542,0.381602659,0.367700996,0.343489717,0.332962178,0.352783665,0.349122956,0.353356427,,0.380807824,0.34651817,0.332601076,0.372932944,0.329413554
262,0.347063731,0.369014196,0.347054002,0.388491789,0.345595964,0.464543692,0.384550595,0.377565508,0.384212089,0.388658429,0.388773031,0.372491579,0.348216231,0.369862631,0.380908511,0.361916356,0.444472071,0.399308507,0.373431562,0.376297778,0.375378236,0.331449518,0.401813689,,0.35085535,,0.344888767,0.336156722,0.349686839,0.34806514,0.3353469,,0.327756474,0.358560638,0.375838972,0.39961746,0.459795672,0.351561311,0.463314426,0.354454519,0.372054603,0.409736679,0.402474921,0.368967466,0.41313583,0.3856805,0.38403119,0.390576433,0.385680374,0.402097915,0.375175604,0.378595815,0.388681263,0.375101652,0.338353255,0.370578413,0.372245446,0.34758301,0.360445286,,0.34584781,,,,,,,,,,,,,0.344475706,0.380576824,0.376154909,0.346843648,0.330728503,0.352447127,0.350123865,0.355519557,,0.375267031,0.345711679,0.330536713,0.375832333,0.332122669
263,0.345620694,0.374980487,0.346459272,0.390555018,0.344702295,0.447596426,0.375325274,0.381115298,0.389441035,0.381901735,0.37942335,0.370278258,0.367380888,0.369212246,0.377804213,0.369404345,0.442611499,0.396043004,0.37064568,0.380606663,0.375876311,0.337924506,0.394707305,,0.355630051,,0.346825483,0.333855736,0.349517783,0.348636628,0.3351443,,0.327368033,0.358819313,,0.395144115,0.453168903,0.359423395,0.461413468,0.349384267,0.368238501,0.410344196,0.389371129,0.367029914,0.400575253,0.379571802,0.380076313,0.386672087,0.37112506,0.396198892,0.379067647,0.374900202,0.387861733,0.370544202,0.338329711,0.371728469,0.367754485,0.35033714,0.361871609,,0.344894577,,,,,,,,,,,,,0.341139339,0.376063947,0.379371603,0.346251124,0.331866356,0.352948289,0.357025008,0.359808458,,0.374560921,0.342994494,0.334052182,0.372169412,0.330136959
264,0.346774406,0.372034164,0.345389336,0.389063486,0.344261743,0.450907095,0.375671265,0.382418222,0.378453757,0.384542341,0.365450787,0.370694486,0.360419704,0.370978023,0.377942877,0.360210435,0.436177443,0.403412721,0.363400826,0.382513725,0.375570454,0.3326119,0.400224499,,0.358012881,,0.346405753,0.342627974,0.350327103,0.349106143,0.33526309,,0.32835179,0.357100084,,0.396166691,0.470576761,0.354362701,0.457700375,0.345885323,0.368656202,0.412188514,0.401021788,0.367213976,0.400867594,0.379350879,0.375603183,0.386057608,0.366778198,0.395362197,0.372503901,,0.385551083,0.363460596,0.335300483,0.370347189,0.369224107,0.34620193,0.361477128,,0.343365571,,,,,,,,,,,,,0.341915261,0.375716847,0.381743898,0.351332158,0.331273394,0.353422965,0.361600168,0.364385456,,0.37003322,0.343175326,0.333002012,0.370783828,
265,0.347088892,0.373689494,0.347532842,0.394526584,0.344691177,0.474122881,0.375541691,0.384077149,0.38032988,0.39505571,0.370376175,0.372561671,0.35476436,0.383935259,0.37820967,0.360467368,0.428389851,0.409951103,0.366000383,0.380226736,0.37436204,0.331763065,0.40972408,,0.354279838,,0.343913315,0.34302198,0.349629677,0.347673398,0.33583435,,0.330557655,0.358343467,0.374444798,0.391891841,0.461248566,0.356902441,0.447522749,0.34094453,0.364966187,0.404802595,0.388619693,0.368119379,0.395309158,0.378139384,0.378401352,0.385599461,0.387717156,0.397535072,0.375562849,0.369007202,0.38214037,0.368689275,0.334002486,0.373017874,0.362724835,0.33932506,0.350998771,,0.345258956,,,,,,,,,,,,,0.34006624,0.369132043,0.379498898,0.348215822,0.330144749,0.35269442,0.357230791,0.360258591,,0.369355262,0.342796936,0.332365415,0.366287238,
266,0.34753382,0.368520606,0.341013446,0.391208835,0.344491353,0.444459102,0.368991582,0.376224284,0.387125727,0.388423835,0.362158066,0.368277089,0.354658109,0.370605431,0.376687904,0.36872388,0.440334229,0.409268046,0.368732437,0.377024982,0.373581529,0.337322724,0.410680768,,0.353761238,,0.345647909,0.337180706,0.349026043,0.349118967,0.335204875,,0.326885798,0.358944402,0.384301462,0.389803921,0.454101589,0.35591533,0.455662637,0.348326467,0.368730023,0.410368059,0.399296405,0.365622549,0.393061039,0.376924564,0.388275975,0.388558977,0.378168475,0.398196873,0.376758181,0.378561162,0.383610514,0.371589282,0.333389015,0.372623797,0.372454894,0.342070828,0.350598973,,0.344377081,,,,,,,,,,,,,0.340309491,0.377293925,0.378736113,0.350747905,0.330459359,0.352491167,0.357402071,0.35796805,,0.371128166,0.350910228,0.332877064,0.375730787,
267,0.347382958,0.365697956,0.341347243,0.396142447,0.345325991,0.449183488,0.369018553,0.379486107,0.379088803,0.385868123,0.377103001,0.369894271,0.346026782,0.370110657,0.377307565,0.367355311,0.426249695,0.409986704,0.366757923,0.377335758,0.373514555,0.330830672,0.407776822,,0.353364054,,0.346791958,0.334506762,0.349231849,0.347767242,0.335107264,,0.325925497,0.362901876,0.375705766,0.389164136,0.451310872,0.358887233,0.446254412,0.353785417,0.363759913,0.402896714,0.400527516,0.363552129,0.392031605,0.376164029,0.384431464,0.385111795,0.377335624,0.399517455,0.374753425,0.373969701,0.381972211,0.363742489,0.333080202,0.37241871,0.369644626,0.33905499,0.348993763,,0.346346872,,,,,,,,,,,,,0.341910564,0.374749315,0.376679941,0.348628757,0.329110555,0.354635785,0.346124094,0.350688133,,0.363380243,0.341705258,0.332457141,0.372310978,
268,0.348330439,0.366982899,0.339073048,0.390805614,0.345573571,0.461090242,0.36039741,0.376737137,0.376496151,0.374965598,0.373310113,0.371687847,0.349606597,0.372098654,0.378798892,0.363962867,0.436835044,0.350633255,0.336080817,0.375208167,0.372630668,0.331291677,0.35244648,,0.355945779,,0.346145052,0.333481089,0.349937824,0.346713548,0.335192195,,0.328018416,0.352106676,0.380860512,0.386217304,0.453205452,0.353593944,0.466033024,0.35083966,0.366042385,0.408154262,0.392188927,0.366657495,0.39610036,0.3742056,0.380347551,0.386537404,0.354887132,0.396867321,0.375664534,0.370938205,0.38207561,0.33724306,0.339624897,0.375094504,0.362159472,0.341757695,0.356403501,,,,,,,,,,,,,,,0.341266943,0.370528175,0.374922508,0.349639111,0.330640892,0.338478023,0.34877055,0.351797607,,0.339014948,0.353179469,0.333220353,0.36918272,
269,0.348350702,0.362922422,0.337497899,0.388911933,0.344828809,0.438629721,0.356039044,0.37586343,0.380122142,0.380872622,0.374588706,0.369937225,0.351679368,0.371727598,0.376038507,0.359129601,0.434193835,0.405900064,0.333149616,0.375054891,0.371677026,0.336716877,0.404365187,0.359543877,0.352745062,,0.344089951,0.3430186,0.349028481,0.343856809,0.335043895,,0.325281383,0.348421802,0.353959924,0.383282705,0.443277436,0.350857475,0.455526201,0.344584751,0.358437382,0.409012924,0.399168717,0.366191285,0.383368263,0.371536757,0.377607176,0.383667929,0.350217318,0.395988601,0.377248382,0.364509555,0.381050398,0.33345811,0.338213297,0.371893715,,0.341215349,0.360727539,,0.343926972,,,,,,,,,,,,,0.342535177,0.365183016,0.374820912,0.350682848,0.329855415,0.337960583,0.353446317,0.355359477,,0.334821744,0.350252738,0.329270793,0.361894127,
270,0.345666406,0.362488539,0.343438362,0.396168832,0.345187695,0.434728705,0.359048587,0.372124543,0.376464223,0.379998844,0.378021758,0.368414173,0.345351886,0.376163259,0.375362314,0.363968959,0.435492002,0.411613713,0.331358886,0.373823117,0.372360769,0.33684822,0.409077078,0.365158202,0.351280973,,0.34465252,0.336976296,0.349852279,0.345489304,0.33496793,,0.32512058,0.349667808,0.383033749,0.37955467,0.441401419,0.347195301,0.446314784,0.344522399,0.35716153,0.408471684,0.398268798,0.36317149,0.380966594,0.372348765,0.384332398,0.384739475,0.351709127,0.397017965,0.374228215,0.359539383,0.376447435,0.331772665,0.335487972,0.368859033,0.364324293,0.341257322,0.354519869,,0.342132987,,,,,,,,,,,,,0.341744759,0.359607149,0.375110663,0.348012777,0.328025756,0.338383321,0.354685893,0.358033774,,0.334081262,0.341334916,0.331375267,0.357772932,
271,0.347163076,0.362649578,0.338788936,0.390269793,0.343959707,0.445403019,0.365676833,0.36955283,0.376075445,0.379832043,0.374243131,0.370455835,0.343391158,0.385586891,0.377684396,0.363462625,0.437929318,0.410907513,0.332832925,0.367794484,0.372240347,0.335704327,0.410598589,0.363801657,0.353279873,,0.343593893,0.339212363,0.348912585,0.345337536,0.335324712,,0.327459432,0.348213092,0.387706177,0.378280582,0.441841726,0.345408674,0.448546124,0.347878333,0.364843474,0.411214973,0.39790859,0.36853855,0.386276032,0.371406421,0.37594342,0.378737416,0.362670216,0.403823533,0.373351288,0.356441106,0.381823292,0.332622475,0.332650396,0.368443923,0.35702093,0.337774677,0.352328386,,0.340838096,,,,,,,,,,,,,0.340950955,0.353881655,0.368855091,0.348717033,0.329504215,0.338061331,0.344006817,0.347368551,,0.334818055,0.346720451,0.330358101,0.353173957,
272,0.346427958,0.350583731,0.346907667,0.389212556,0.344191364,0.473979464,0.372160698,0.372723626,0.389331313,0.385644664,0.370595534,0.372996177,0.347996076,0.388368942,0.379545295,0.356122384,0.434539637,0.336472905,0.344758592,0.366169106,0.370110756,0.331789058,0.337061379,0.363775722,0.353479252,,0.342280995,0.342020161,0.349931352,0.343856567,0.335587604,,0.325669917,0.345523732,0.369066035,0.384161851,0.451002904,0.344870827,0.459076628,0.353345628,0.36427968,0.412229748,0.390868381,0.365345197,0.392138028,0.373295472,0.383630861,0.377796681,0.338818837,0.397028757,0.37117481,0.34766987,0.386024807,0.344133892,0.338984476,0.370364135,,0.338650316,0.353404156,,0.341562531,,,,,,,,,,,,,0.340737697,0.348214126,0.366316979,0.345946942,0.328230422,0.338133981,0.351062326,0.355305172,0.346569045,0.344324857,0.345710599,0.330612826,0.347429872,
273,0.346235714,0.351401235,0.346959659,0.388539375,0.344275543,0.461331145,0.371231972,0.377445074,0.375721443,0.385767664,0.374588145,0.372365853,0.353425573,0.370709923,0.378908014,0.356613309,0.431037277,0.376461505,0.357132795,0.365888223,0.37061834,0.332620331,0.376465901,0.395395199,,,0.342896144,0.341096727,0.348943787,0.341945369,0.335663787,,0.325525998,0.344158003,0.362280178,0.379440511,0.430012345,0.336111834,0.446396238,0.354055502,0.385513501,0.414719723,0.38908571,0.365926302,0.388516095,0.371486096,0.373593692,0.381376361,0.335631571,0.393348782,0.370997056,0.347021031,0.378231764,0.358890706,0.336919161,0.371256378,0.361260265,0.339920038,0.354295818,,0.341126538,,,,,,,,,,,,,0.342070007,0.346138149,0.365383633,0.34976904,0.327687028,0.338148219,0.352582448,0.357582652,0.357461195,0.348127234,0.340755867,0.329225671,0.345965686,
274,,0.358844596,0.348476989,0.391404339,0.344385471,0.453270198,0.359585326,0.381497821,0.387759353,0.393298704,0.380603175,0.371663059,0.355440211,0.36393772,0.378260711,0.356901531,0.431950272,0.335349274,0.341312853,0.36208048,0.369549582,0.337047308,0.336458092,,,0.380736938,0.341534265,0.342644673,0.351979842,0.341796309,0.335866529,0.346299983,0.325505805,0.342757117,0.379309341,0.368848277,0.434973739,0.32398363,0.454206948,0.343287649,0.366442295,0.408420008,0.395271621,0.364387616,0.377573366,0.370505846,0.371825831,0.37916546,0.331828472,0.392443591,0.369442835,0.342231264,0.37283347,0.336759132,0.335463498,0.37119034,0.358924458,0.338085797,0.351165453,0.366846962,0.342607092,0.344324679,0.342578317,0.343180375,0.337094783,0.349686077,0.34071912,0.336113103,0.356510469,,0.337675015,,0.348561624,0.340352086,0.342796539,0.36458528,0.347950415,0.324896241,0.338649052,0.355105365,0.35837882,,0.341768209,0.33826362,0.329399158,0.342820222,
275,,0.357369837,0.346879922,0.390566976,0.344459206,0.464325918,0.360684541,0.377018813,0.388177591,0.387890445,0.373852194,0.37047538,0.353942821,0.365542737,0.375580407,0.357019031,0.443320865,0.34835188,0.331597195,0.36607445,0.368924501,0.33164234,0.346174962,,,0.379690155,0.340605051,0.33630223,0.348255887,0.343056104,0.335130626,0.342647579,0.326141408,0.34317212,0.363056237,0.365441043,0.432629975,0.314525111,0.471693513,0.342611862,0.358503169,0.403104891,0.386465753,0.36468251,0.379756067,0.364702313,0.369665151,0.377476912,0.327755806,0.394960581,0.370394297,0.339996053,0.370581693,0.330907339,0.335226393,0.371969882,0.355309536,0.338607422,0.348315988,0.363774152,0.342166991,0.346310834,0.343989457,0.343260179,0.332147632,0.348858009,0.340745166,0.335726338,0.352609935,0.344290282,0.338497293,0.317167053,0.344263203,0.342764928,0.339705545,0.36790198,0.351109443,0.326247654,0.338695092,0.354903646,0.358995606,,0.331931395,0.333356123,0.329107735,0.340025417,
276,,0.355921788,0.337846547,0.383887885,0.346096316,0.467796119,0.359987664,0.37701108,0.386101282,0.386401901,0.362164254,0.370294303,0.351286567,0.347432621,0.375482673,0.354768617,0.425246714,0.352629001,0.331691677,0.368131867,0.362755728,0.335740307,0.353515044,,,0.381713967,0.341533908,0.341300386,0.350136859,0.340768522,0.335321835,0.342703736,0.323979732,0.34351283,,0.366293788,0.423801937,0.310541159,0.445236192,0.342762973,0.358681055,0.406062589,0.393338419,0.362721433,0.378343317,0.361827732,0.377747246,0.374133149,0.340606928,0.392346239,0.362486134,0.340730809,0.367919069,0.332361671,0.336167748,0.372746395,0.350373085,0.337733287,0.344225174,0.36255209,0.339554255,0.338923093,0.345926664,0.342765963,0.332430089,0.350663195,0.341445673,0.333404113,0.353413957,0.342177559,0.338908879,0.3159449,0.347095705,0.343091048,0.33857224,0.366249418,0.346329258,0.325501364,0.337981388,0.35257505,0.357086149,,0.333544407,0.333367056,0.330004601,0.337349189,
277,,0.354551502,0.339291649,0.392763419,0.345330979,0.455629759,0.367084484,0.37589645,0.377428971,0.386505438,0.376928706,0.369708322,0.345616028,0.355869798,0.377629128,0.366091732,0.439794847,,,0.367857082,0.363777392,0.332867131,,,,0.382834256,0.342435544,0.33879141,0.350244503,0.341988006,0.335717396,0.343679078,0.325119012,0.344450487,0.377702434,0.362063468,0.430859252,0.308809257,0.464359678,0.342720811,0.354238997,0.405811431,0.388425741,0.362049503,0.369407071,0.361205345,0.364235655,0.369383581,0.33239245,0.389899842,0.366053237,0.337525383,0.368941071,,0.331922321,0.369207186,0.351470419,0.337460315,0.349872227,0.364956506,0.341163885,0.345403608,0.345395728,0.342177297,0.332544484,0.349946733,0.341208445,0.3354233,0.349919648,0.342975456,0.341798125,0.315168672,0.345104612,0.339825604,0.337515353,0.367146939,0.345478546,0.325666993,0.340948261,0.34261203,0.347037065,,,0.333333605,0.330513433,0.338173589,
278,,0.35302764,0.338476287,0.388775079,0.345036922,0.466607388,0.364017144,0.369528175,0.377074813,0.369849289,0.374063149,0.370020451,0.344708014,0.357533736,0.376606519,0.366619114,0.435555681,,,0.361579935,0.361902583,0.332279257,,,0.359345881,0.386878524,0.342303377,0.337401669,0.350221855,0.342572402,0.335505121,0.3466131,0.324770258,0.343584242,0.371602934,0.359612351,0.424136034,0.304363425,0.460635885,0.350522439,0.357235176,0.407128994,0.390568487,0.362117564,0.371357214,0.357499325,0.376535246,0.371589408,0.334126846,0.393897081,0.363277355,0.336770199,0.370546306,0.351343776,0.337216431,0.368480306,0.362111066,0.337408556,0.353132262,0.365699952,0.340614953,0.347565599,0.345607867,0.342780194,0.337177657,0.348643527,0.342020357,0.33752869,0.351360859,0.342301433,0.340859369,0.317695234,0.347942408,,0.339158757,0.362353351,0.344682647,0.326729702,0.341384596,0.34294911,0.34753793,,,0.333333333,0.330982805,0.33792939,
279,,0.350190194,0.34613555,0.38773675,0.344828685,0.463729857,0.373166078,0.372558535,0.384325505,0.366591377,0.373071434,0.369256566,0.348930604,0.351961985,0.375798456,0.363869648,0.437675099,,,0.359567287,0.359788099,0.33776226,,,0.350176616,0.381840802,0.338495201,0.339242232,0.348784604,0.341215216,0.335024673,0.34213374,0.323100651,0.342865268,0.361705098,0.353956845,0.414640328,0.306878399,0.452969034,0.34459312,0.354979766,0.406621922,0.389015591,0.361168191,0.366078359,0.349128038,0.371277046,0.373954435,0.330611401,0.39235583,0.361195481,0.325818496,0.366152443,0.353871111,0.332432945,0.366730585,0.352724522,0.339434434,0.348406048,0.360759116,0.34187913,0.343152201,0.343557713,0.341463793,0.331208015,0.349433293,0.342171156,0.334733164,0.353499959,0.339108878,0.339512732,0.31669387,0.347142502,0.340439832,0.324225676,0.359783501,0.348700065,0.327301989,0.339045711,0.343771523,0.348812156,,,0.333333333,0.330599711,0.328207923,
280,,0.346328374,0.348713049,0.386051953,0.344815615,0.444416459,0.371843801,0.358595658,0.383160234,0.376561883,0.369816518,0.368756681,0.346730753,0.341377119,0.37477893,0.359946034,0.439054116,,,0.35265813,0.348114779,0.33295038,,,0.347949888,0.381588826,0.343717454,0.328723393,0.349590397,0.341328993,0.334877983,0.347851793,0.327335078,0.341000218,0.375681977,0.350560392,0.402976265,0.302925569,0.456378308,0.347168645,0.355473597,0.406389687,0.382658304,0.361958007,0.363879065,,0.37401501,0.370328794,0.303254509,0.390517628,0.350319224,0.322449058,0.359514256,0.344854301,0.334679514,0.372976042,0.347657624,0.338160459,0.346403349,0.361191732,0.340113189,0.347795376,,,,0.348875188,,,0.355580456,,0.338635139,,,0.338753547,0.290684106,0.355450509,0.34928734,0.327952172,0.339883358,0.35093927,0.353108164,,,0.333333333,0.330589108,0.326485831,
281,,0.34199042,0.339879953,0.385888395,0.345191805,0.439967978,0.357185533,0.347416085,0.367911293,0.37434084,0.375515716,0.367837392,0.341779726,0.331654499,0.373936456,0.363348615,0.433809538,,,0.35019461,0.351667981,0.336069059,,,0.346183467,0.378186199,0.3393813,0.338288791,0.351829325,0.343527355,0.335011691,0.346314945,0.327672594,0.341385108,0.369464394,0.343618865,0.395095509,0.302087554,0.44926447,0.340791211,0.352306408,0.401377388,0.378725114,0.359173951,,0.335341067,0.370978356,0.366537957,0.313605541,0.392722215,0.349336868,0.32686938,0.349782392,0.339437538,0.334668015,0.370094199,0.356374842,0.337396906,0.348315483,0.362983256,0.338314325,,0.342320477,,0.336389968,,0.343609739,0.335981112,,,,,0.350380315,0.337742642,0.345169799,0.351077317,0.348319004,0.32683343,0.339142737,0.342401159,0.346718932,,,0.333333333,0.331087505,0.328363468,
282,,0.346411624,0.337826592,0.384018345,0.344751932,0.468613163,0.371395682,0.354247483,0.376560785,0.378829692,0.372114676,0.370769874,0.344099734,0.331664287,0.37694465,0.357498274,0.443888562,,,0.352894613,0.355056041,0.331599736,,,0.340584216,0.382883657,0.340793673,0.326082709,0.348239101,0.340038935,0.334952962,0.34492796,0.324868855,0.3399643,0.363248188,0.346228387,0.376802298,0.305524662,0.474759368,0.350360348,0.351132338,0.42506769,0.376400458,0.355676961,0.346567907,0.330406034,0.365607692,0.364097261,0.301251173,0.386641293,0.357957572,0.321909995,0.355496756,0.32999362,0.333943409,0.370078422,0.354273603,0.337783659,0.346838427,0.360072107,0.340449537,,0.34243464,,0.336734659,,0.341954861,0.335339528,,,,,0.348256391,0.33653178,0.320724105,0.352874375,0.346387029,0.324648533,0.337567056,0.346191918,0.34980483,,,0.333333333,0.33125012,0.322312895,
283,,0.339240174,0.340121016,0.388163791,0.344758228,0.446442413,0.35780895,0.345587706,0.376823302,0.379661613,0.362592243,0.36844391,0.347450452,0.334913268,0.373214528,0.362212163,0.428680929,,,0.351504754,0.355300095,0.336730001,,,0.34506141,0.384233419,0.343114594,0.32772834,0.348759476,0.343350055,0.334969608,0.348419847,0.325609204,0.339810873,0.36066735,0.341557826,0.392615307,0.303266944,0.449159797,0.33779644,0.330246254,0.393596019,0.375013016,,0.336770092,0.327963823,0.367561737,,0.304358128,0.388630256,0.357544218,0.317790634,0.34495616,0.324304092,0.332272007,0.361336025,0.349399856,0.336142256,0.34829401,0.358436012,0.337422559,,0.342616241,,0.334715785,,0.341937493,0.332515528,,,,,0.348870078,0.338344852,0.31745732,0.350176772,0.348130098,0.328170327,0.342504143,0.353062389,0.35666114,,,0.333333333,0.333372755,0.324400152,
284,,0.343031975,0.345948133,0.383461729,0.343939321,0.465952104,0.369862615,0.355266969,0.379991756,0.381466148,0.362389146,0.367567368,0.349671755,0.333181258,0.374007138,0.358013614,0.430133918,,,0.35128292,0.345687476,0.33104538,,,0.347162493,0.377590282,0.341792842,0.327694137,0.349288169,0.340267045,0.335313458,0.345800212,0.326634406,0.338361044,0.35327731,0.345847606,0.390336685,0.306751607,0.44539733,0.336097903,0.326963737,0.3940833,0.37497302,0.352687313,0.342794738,0.332936782,0.360099086,,0.280736493,0.386027303,0.346857387,0.308298452,0.351952658,0.329733032,0.335618983,0.359414639,0.345742015,0.33659143,0.346091668,0.359541645,0.339210131,,0.342162766,,0.335129292,,0.340640209,0.332766436,,,,,0.347663846,0.335988595,0.308303607,0.349603534,0.349848594,0.325972769,0.341417104,0.35367669,0.357650432,,,0.333333333,0.331916368,0.312445744,
285,,0.344512673,0.338834318,0.380725358,0.343980514,0.429077685,0.364354991,0.343381075,0.37929084,0.376772713,0.366683169,0.367600667,0.333203807,0.328074941,0.374009234,0.358704846,0.427575124,,,0.344204384,0.350859314,0.335060411,,,,0.384271621,0.341817374,0.327643354,0.350165359,0.345876138,0.335658,0.343927945,0.321242377,0.338346061,,0.344226302,0.383104373,0.311006712,0.438079455,0.33487925,0.322769082,0.390792889,0.3727157,0.349763167,0.332190029,0.327664112,0.356948604,0.351988703,0.280083536,0.390852285,0.354958182,0.306646324,0.340758496,0.335132096,0.334116345,0.362839352,0.355241392,0.335784203,0.337908292,0.359037964,0.339581091,,0.34223384,,0.335591487,,0.341048501,0.329645828,,,,,0.346864159,0.335544829,0.30690626,0.344814973,0.347059342,0.325249427,0.33929339,0.348948386,0.35094304,,,0.333333333,0.331993688,0.311629565,
286,,0.336968392,0.338856518,0.383431849,0.342373437,0.447887465,0.358006373,0.349926616,0.375693475,0.382592391,0.370627909,0.369047002,0.346736774,0.327532182,0.374710973,0.356329666,0.421441181,,,0.340068762,0.353317525,0.330875605,,,0.347729164,0.374941307,0.343496592,0.331813298,0.349694979,0.340443012,0.33481832,0.344292002,0.323388131,0.338780614,0.353563393,0.341436407,0.373900571,0.31150656,0.438283581,0.331393194,0.310779732,0.387945986,0.368418777,0.347170152,0.332288805,,0.346194289,0.342927076,0.279933397,0.39439741,0.354373334,0.308411659,0.347411,0.334256301,0.331807993,0.362498045,0.346243298,0.336167814,0.342037806,0.358700048,0.34130568,,0.340556715,,0.333413206,,0.341188634,0.329840653,,,,,0.346957191,0.338525588,0.306145986,0.338025055,0.346693152,0.322803677,0.338273904,0.351448075,0.35964298,,,0.333333333,0.333703949,0.308625992,
287,,0.338884445,0.34088554,0.384083681,0.342881155,0.450151494,0.363966218,0.336546166,0.363567843,0.366258192,0.373318284,0.36807261,0.352843047,0.32402329,0.372682989,0.35412711,0.414798691,,,0.342101997,0.352178928,0.328595988,,,0.347758309,0.382155306,0.34201974,0.328263569,0.35038218,,0.334841414,0.343211799,0.324715614,0.338541187,0.346967599,0.347455947,0.385368766,0.311074581,0.429734295,0.330019144,0.305018228,0.384746102,0.366315398,0.345282116,0.325587411,0.317558753,0.347498619,0.344265277,0.277701937,0.385906284,0.35393238,0.302329222,0.347312336,0.333247234,0.328817171,0.361007139,0.356534006,0.335637757,0.337157516,0.355288858,0.342232851,,0.340001689,,0.333289262,,0.340929765,0.331448989,,,,,0.347403694,0.338954217,0.303025485,0.341939978,0.349760404,0.322925545,0.338690672,0.355660589,0.357642016,,,0.333333333,0.332067479,0.306768672,
288,,0.336167016,0.337330688,0.381282147,0.342643679,0.433288591,0.350543757,0.331403028,0.363136444,0.359626915,0.368284968,0.364623871,0.342231109,0.326621767,0.370540452,0.355708933,0.417422013,,,0.341224116,0.350410145,0.336876516,,0.347532809,0.342249184,0.385025672,0.342546523,0.332609875,0.350436684,,0.334634972,0.341114448,0.328125057,0.337818177,0.341496352,0.347042108,0.373231128,0.308265651,0.430540741,0.325198057,0.302405268,0.376490557,0.367679776,0.343182731,0.330038804,0.321434029,0.339739993,0.341949149,0.2839932,0.385482343,0.351920919,0.30555005,0.350652106,0.33120643,0.335035485,0.359292592,0.355418043,0.334798144,0.336882073,0.356380302,0.343260468,,0.339374164,,0.330698067,,0.34068781,0.328945119,,,,,0.34655108,0.336045631,0.30632078,0.340982623,0.347875217,0.323503421,0.339975628,0.344354592,0.347858629,,,0.333333333,0.332906288,0.309464839,
289,,0.333755388,0.347069482,0.381979404,0.341948583,0.440643495,0.36614705,0.346817092,0.370940876,0.366629822,0.369308618,0.365960775,0.348877625,0.324136666,0.371151811,0.356092456,0.416820991,,,0.34018084,0.349220738,0.327448188,,0.344081166,0.344101538,0.376122047,0.340888475,0.335958811,0.347257137,0.335944845,0.334942509,0.340889558,0.322423627,0.338885104,0.339061557,0.349068233,0.373960892,0.31236396,0.429878651,0.324498874,0.302928962,0.378417073,0.36591369,0.339497228,0.333696723,0.317931642,0.336474912,0.341747648,0.287150929,0.386961035,0.350603028,0.301941971,0.339888418,0.329525727,0.333897053,0.356297482,0.352635045,0.335570436,0.341597381,0.352658768,0.341970374,,,,0.332618218,,0.338893841,0.32992073,,,,,0.345601399,0.336574474,0.30163201,0.34058413,0.34874149,0.321867714,0.338038274,0.35234246,0.355963583,,,0.333333333,0.33175235,0.304783916,
290,,0.333265863,0.341206983,0.381361179,0.341515271,0.453599217,0.349299264,0.340794106,0.359986603,0.3605,0.368840104,0.36288316,0.341474092,0.333599553,0.370612827,0.352666375,0.409792123,,,0.340028066,0.347594845,0.329174757,,0.343573761,0.341945541,0.381890696,0.342809869,0.336475936,0.348055978,0.340964551,0.334813693,0.340037583,0.324537707,0.338480842,0.333834671,0.348150929,0.3747064,0.313181541,0.425036791,0.324873393,0.304453673,0.378750667,0.3651642,0.339596677,0.327117792,0.315537079,0.335867491,0.339174843,0.284649116,0.385149184,0.349175075,0.304005695,0.345730795,0.327999632,0.320543565,0.358988622,0.345018061,0.335375489,0.337618284,0.354256701,0.342241127,,,,0.330943293,,0.340566665,0.330421582,,,,,0.345419941,0.337797355,0.305868332,0.339269531,0.348838824,0.321394516,0.337904047,0.341355874,0.345141577,,,0.333333333,0.33006822,0.30790085,
291,,0.337767426,0.346613484,0.378754246,0.341446313,0.45504421,0.362952565,0.346175352,0.351946397,0.370203454,0.365515129,0.363459964,0.342495754,0.333911168,0.367269284,0.35261551,0.42395208,,,0.339167682,0.347632648,0.328403816,,0.341286011,0.345582287,0.380497419,0.338905789,0.332897775,0.34582208,0.338144913,0.335458165,0.3398095,0.325252879,0.338046118,0.331214445,0.353935858,0.371261548,0.312337926,0.443675394,0.318697238,0.306693046,0.377682285,0.37055656,0.339078333,0.328781093,0.314678015,,0.3421554,0.292658923,0.380473567,0.348548364,0.303859398,0.34628621,0.326660675,0.318671652,0.356043474,0.344682564,0.334964391,0.337747564,0.353827572,0.338794086,,,,0.331100835,,0.340692193,,,,,,0.344454731,0.339399829,0.303032879,0.337533217,0.348159907,0.321534349,0.340370155,0.351519308,0.354990815,,,0.333333333,0.330396003,0.306984583,
292,,0.342903543,0.339009768,0.379559165,0.341778052,0.433371084,0.349175352,0.342749718,0.35814352,0.353765854,0.360786287,0.361814193,0.34167408,0.333995212,0.366386897,0.354181253,0.409486324,,,0.335647528,0.34313347,0.334442453,,0.341330336,0.339739919,0.378919115,0.339933083,0.334568648,0.344006701,,0.336031198,0.337685099,0.323148874,0.337745563,0.3292509,0.353437979,0.374109588,0.312342279,0.422385047,0.318497668,0.302018214,0.374998941,0.373653123,0.337778095,0.334639589,0.325343773,,0.35183289,0.31217846,0.381903751,0.344597281,0.308891908,0.352223322,0.326363421,0.329039648,0.3556566,0.342851389,0.334766058,0.337518144,0.351490184,0.340558353,,,,0.326957732,,0.339796921,0.328626741,,,,,0.344448025,0.336279724,0.307017552,0.333159799,0.347579069,0.322926135,0.342173847,0.340567203,0.347768753,,,0.333333333,0.328166264,0.309017389,
293,,0.342642734,0.33892032,0.3841689,0.342102272,0.459656903,0.363289853,0.350193663,0.370749157,0.367574918,0.366936153,0.363758905,0.34105907,0.332068044,0.368589354,0.352933513,0.407009832,,,0.332974097,0.34418147,0.331566499,,0.340218097,0.342309408,0.379999149,0.335353771,0.330376924,0.348883711,0.338725165,0.335654007,0.33846144,0.32308498,0.335998976,0.326404762,0.355385563,0.372886153,0.301139314,0.41648433,0.328050942,0.30539621,0.3809687,0.371771622,0.334658756,0.340219528,0.32215213,,0.344490152,0.309845245,0.3915693,0.346021541,0.307601714,0.362444709,0.324237979,0.334123259,0.354173969,0.34007387,0.335118263,0.339934664,0.348366829,0.341880526,,,,0.326292979,,0.339395946,0.329520741,,,,,0.343866012,0.337736044,0.307221236,0.333764758,0.348865036,0.323951824,0.341384889,0.340008254,0.343316713,0.338481215,,0.333333333,0.330200626,0.310101367,
294,,0.339826436,0.337311603,0.378805132,0.341588908,0.420721809,0.353910871,0.345349966,0.367562799,0.355829739,0.366429814,0.36335284,0.334935818,0.337809585,0.367787181,0.352297777,0.415968061,,,0.336711523,0.344531765,0.329815946,,0.337500247,0.343100383,0.384086014,0.337711127,0.329145404,0.347909543,0.338263818,,,,0.336233408,0.323044037,0.353851883,0.370705996,0.313161787,0.433045661,0.327530332,0.313916065,0.379048453,0.368747665,0.327785615,0.335176499,0.306293737,,0.346011467,0.308971141,0.385936532,0.344339121,0.307786629,0.354066491,0.32077842,0.332104849,0.350052215,0.338157482,0.3345916,0.333663495,0.34675918,0.340573835,,,,0.327960361,,0.339525465,0.330800724,,,,,0.344231107,0.335931155,0.310626436,0.336004476,0.348168361,0.323295444,0.341883716,0.334018355,0.338178962,,,0.333333333,0.33109506,0.312605486,
295,0.338653449,0.339046712,0.34020069,0.376037609,0.341812839,0.453249946,0.36579994,0.349651263,0.359421407,0.36883509,0.367948458,0.36370839,0.328462174,0.323728379,0.367617293,0.351790959,0.401721307,,,0.334070265,0.34487036,0.329216341,,0.33333254,0.34072491,0.358142651,0.342272917,0.334898199,0.348391197,0.338347059,0.338001292,0.334527777,0.322250168,0.336357006,0.31616801,0.347746329,0.358678314,0.314526533,0.409423742,0.325667846,0.311619225,0.373266541,0.367941207,0.320481793,0.329912471,0.290539851,,0.338079517,0.304977322,0.386118722,0.338107845,0.30554155,0.357090248,0.318640729,0.334473762,0.349779405,0.331344833,0.335088123,0.337910278,0.345537336,0.340676459,,,,0.327352966,,0.339858465,0.32802106,,,,,0.343157791,0.336016011,0.305839908,0.335910814,0.350125228,0.32220462,0.338645889,0.332893314,,0.338933653,,0.333333333,0.332658801,0.307935423,
296,0.337202193,0.332463618,0.338268179,0.378647911,0.341458868,0.448558694,0.360676153,0.3498177,0.368474851,0.363632612,0.365223858,0.359516639,0.34162849,0.330752116,0.363500014,0.350008699,0.390456285,,,0.340986539,0.342803376,0.338211961,,0.329330555,0.343183385,0.375016315,0.341101985,0.328037635,0.348837274,0.340177433,0.335987086,0.340651237,0.325117434,0.337959973,0.313305422,0.352126075,0.362474555,0.314319824,0.397427225,0.324756491,0.30978587,0.368447945,0.368064904,0.326272474,0.329050895,0.284600765,0.322124128,0.338236674,0.312768954,0.381680594,0.345159561,0.303228872,0.351562293,0.317229371,0.326793369,0.348892102,,0.334702935,0.32980257,0.351779095,0.340071999,,,,0.329743619,,0.339359578,0.327293441,,,,,0.342026405,0.335692841,0.303342893,0.340770371,0.345526922,0.320538213,0.339484721,0.340322885,0.343765228,0.339925521,,0.333333333,0.331449809,0.305834719,
297,0.333040016,0.333711043,0.336580467,0.381188728,0.342048481,0.440477884,0.360293817,0.344634445,0.351726739,0.367970169,0.365263172,0.36049578,0.346789715,0.333398429,0.363684687,0.346525417,0.389139407,,,0.34125383,0.342614529,0.335424006,,0.329485023,0.340252385,0.375129686,0.341736985,0.326976423,0.348948617,0.340710813,,0.3405105,0.325158981,0.336180005,0.307051174,0.354662727,0.366475492,0.307830507,0.396609772,0.315842078,0.292313749,0.365854462,0.367947476,0.319195597,,0.274344739,0.325151131,0.334304685,0.310618085,0.376068731,0.344564331,0.310699257,0.357470909,0.311654538,0.323649104,0.351103054,0.324271611,0.335520779,0.33702663,0.35331355,0.339671265,,,,0.32988431,,0.339100775,0.329120987,,,,,0.344186546,0.338430624,0.305747805,0.341121656,0.34607545,0.322269089,0.337534512,0.340039957,0.342720779,0.340487959,,0.33333374,0.331692296,0.309513113,
298,0.333242989,0.334542049,0.348211071,,0.341608196,0.443521195,0.369015207,0.35363889,0.362649235,0.368366031,0.354268357,0.36010893,0.336963736,0.335532376,0.363656403,0.346484367,0.393857576,,,0.338613029,,0.331452279,,0.328410853,0.347600186,0.377966549,0.340500964,0.336436501,0.345749169,0.339139712,0.336000834,0.339860777,0.326512843,0.337239811,0.317017909,0.355102676,0.374334098,0.314374928,0.403171632,0.321813888,0.304439106,0.362555244,0.36429484,0.315972067,,0.290536363,0.314810529,0.331739108,0.312527028,0.377533771,,0.306118821,0.353438895,0.316936982,0.324884955,0.349379322,0.320507843,0.335655069,0.333607972,0.351078103,0.340037524,,,,0.330065567,,0.339631636,0.329960266,,,,,0.344015971,0.337892284,0.307611824,0.338038884,0.350540748,0.320321319,0.338409799,0.336679474,0.340423838,0.336434563,,0.333333333,0.331105205,0.310085024,
299,0.333693485,0.33086475,0.349064307,0.383158794,0.342143873,0.426821276,0.344814159,0.345488221,0.362492574,0.366460557,0.36249498,0.359703969,0.32892919,0.323641084,0.363686095,0.346793939,0.377445731,,0.327597055,0.339224317,0.339385725,0.337254109,,0.329633657,0.33707352,0.375614505,0.341772655,0.330162336,0.348031752,0.337660553,0.336171748,0.335679059,0.322793062,0.335693794,,0.353498072,0.368847338,0.308502754,0.381434501,0.312053602,0.297445386,0.352482658,0.365978816,0.316936634,,0.293444356,0.312151196,0.330788354,0.313327958,0.38085366,0.341634656,0.307641032,0.349775504,0.327335581,0.321766846,0.348487007,0.320396935,0.334578604,0.334134745,0.353187049,0.339300642,,,,0.328786394,,0.340812524,0.329411962,,,,,0.343884877,0.336545673,0.307001379,0.338498334,0.34908043,0.319003534,0.341936762,,0.334030991,0.338308496,,0.333333333,0.33388377,0.310481917,
300,0.337123714,0.333414877,0.338820579,0.381243197,0.341295264,0.393975116,0.353639104,0.346208784,0.362675113,,0.36126351,0.362058291,0.336166628,0.335993729,0.36469971,0.344533721,0.379601289,,0.325638769,0.336567422,0.341760151,0.335909037,,0.328515975,0.337763388,0.369552595,0.340903071,0.3310059,0.350383366,0.337052289,0.335847335,0.339695243,0.320775001,0.336766038,0.312565134,0.351830741,0.371350446,0.301029496,0.384126516,0.306978622,0.298185168,0.353221333,0.363442742,0.327409785,0.321795058,0.298103272,0.307615762,0.327045864,0.314343539,0.374034026,0.342240155,0.31027652,0.350553148,0.325581314,0.326673361,0.346793934,0.320276599,0.335707105,0.336164083,0.349113653,0.338967863,,,,0.330261585,,0.340318412,0.32721992,,,,,0.344224304,0.338687604,0.311130292,0.335821066,0.345405699,0.315184293,0.337604307,0.33698484,0.341565016,0.332594351,,0.333333333,0.333278474,0.312694847,
301,0.334223588,0.332011485,0.34022298,0.377848185,0.34050016,0.419244738,0.352818729,0.343886509,0.363617176,0.350731945,0.36434991,0.356523241,0.33542181,0.334550146,0.358978607,0.34198348,0.369513849,,0.313032082,0.338724775,0.337473033,0.328893438,0.33196451,0.328310819,0.337479937,0.386148372,0.341411841,0.334271772,0.347800048,0.337278089,0.33600999,0.340720595,0.323248453,0.334129857,0.319808153,0.346519064,0.354616677,0.296578314,0.368952043,0.307585739,0.286892145,0.349787512,0.360854021,0.325337172,0.321392975,0.297996809,0.308237006,0.322764634,0.312220006,0.376596287,0.33842263,0.302323417,0.352913125,0.308623682,0.322912502,0.348406599,0.31108711,0.333769526,0.337430783,0.350756476,0.337990146,,,,0.329249409,,0.341575467,0.326602701,,,,,0.343803796,0.337154197,0.30158681,0.33865728,0.344283226,0.318203998,0.337519226,0.335118903,0.339183082,0.342454135,,0.333333333,0.334417371,0.305039559,
302,,0.337870471,0.337349103,0.38541046,0.341166282,0.421040056,0.361531927,0.35421243,0.359713612,,0.36264331,0.362172314,0.338102213,0.339258958,0.364347471,0.339833151,0.356089604,,0.326940333,0.335587724,0.337662454,0.329648847,0.324141455,0.326759323,,0.378363363,0.338982614,0.339327472,0.344232058,0.337935628,0.336428761,0.339822067,0.322134859,0.333611744,0.310736449,0.348814866,0.346427686,0.305617006,0.352719885,0.290699816,0.28499259,0.34427857,0.358839977,0.32652603,,0.306109886,0.295249221,0.31706914,0.31904519,0.380759954,0.338778763,0.316020911,0.350237113,0.315343995,0.315950796,,0.315176362,0.336204534,0.33111353,0.350945016,0.340916455,,,,0.328907252,,0.340835018,0.327134345,,,,,0.343318053,0.336726905,0.309757792,0.338427492,0.344666186,0.318365118,0.342128031,0.33739775,0.340666011,0.329802717,,0.333333333,0.334798273,0.309283157,
303,0.333814719,0.328174552,0.337409279,0.375666869,0.341909471,0.389179753,0.357609927,0.349076222,0.356437484,0.358502856,0.365155201,0.360531541,0.331811475,0.32549387,0.363502317,0.340358402,0.343871897,,0.316624442,0.333989498,0.338792343,0.328992551,0.328312574,0.329380069,,0.372736211,0.34032992,0.332216949,0.350376027,0.337837714,0.336970476,0.340885756,0.319906808,0.336954826,0.304493402,0.350639028,0.362705514,0.316739041,0.338712743,0.278307805,0.277921444,0.33722608,0.355374972,0.326532024,0.318884644,,0.296926259,0.321538742,0.319541889,0.374207517,0.34184857,0.302779128,0.3487818,0.317059735,0.304846077,0.348014366,,0.336887529,0.331921181,0.346284675,0.340580805,,,,0.324068523,,0.340713769,0.324734016,,,,0.311640968,0.339868131,0.335693168,0.307045874,0.334330282,0.34784563,0.318002761,0.338401287,0.332337152,0.336711538,0.329922959,,0.333333333,0.335362226,0.306277721,
304,0.334736868,0.329544683,0.339702945,0.377437537,0.341024824,0.376314146,0.35425197,0.344510713,0.351183627,0.352303756,0.363449889,0.36030915,0.337083246,0.331225363,0.363263278,0.337744327,0.344116615,,0.313744721,0.328937499,0.338467146,0.332761828,0.327341691,0.327426545,,0.370479797,0.337446275,0.329160495,0.3490705,0.338445937,0.337434634,0.343518617,0.323124185,0.335741848,0.304031111,0.350815599,0.366374154,0.31062827,0.338615841,0.270328996,0.272735388,0.336714823,,0.33060686,0.31561744,0.307554202,0.292978841,0.317633326,0.309686389,0.372255193,0.340199285,0.30962571,0.351674813,0.312460418,0.299878237,,,0.337064811,0.338962033,0.3528759,0.340537116,,,,0.327888738,,0.340680075,0.325322848,,,0.327077053,0.313142028,0.34257758,0.339652534,0.310437577,0.32936154,0.34397337,0.318228693,0.337964146,0.335922245,,0.326702782,,0.333333333,0.332941357,0.313439678,
305,,0.331357828,0.337795299,0.375868983,0.340819364,0.415183303,0.36003151,0.353227082,0.36338105,0.36460084,0.351638359,0.360327358,0.33978805,0.332869555,0.362188282,0.337895131,0.342136288,0.330055785,0.318092651,0.340700635,0.338269839,0.329009939,0.325857435,,0.336622094,0.367288871,0.342562819,0.324359725,0.348446347,0.338585497,0.336858314,0.338496807,0.321356616,0.336763982,0.315973104,0.34486176,0.352188057,0.306846723,0.336065482,0.27770743,0.257746717,0.33140202,,0.324863866,0.320293751,0.30915341,0.295916954,0.318736215,0.316406013,0.370810448,0.33643802,0.31961617,0.349438005,0.315808506,0.303561607,0.35166525,,0.334956583,0.332703432,0.347712343,0.337573905,0.340752089,0.337458628,0.342074057,0.326494842,0.347569237,0.340514869,0.324252148,0.348000344,0.334639023,0.326205412,0.313126686,0.343003475,0.337088431,0.317250257,0.341966751,0.350486435,0.319670863,0.338680424,0.340069749,0.343713657,,0.317423546,0.333333333,0.336174061,0.318396995,
306,,0.328682537,0.33731263,0.371500857,0.341254147,0.368441005,0.344104477,0.351313657,0.355349663,0.363618273,0.353110748,0.35973773,0.333787468,0.333139982,0.36222442,0.33588765,0.341273845,0.32612522,0.328350579,0.337666292,0.335306031,0.332680636,0.323141548,,0.337162665,0.370315796,0.340483155,0.329299222,0.349091127,0.339449249,0.336828944,0.341443685,0.322054854,0.337324334,0.31487657,0.35006182,0.368032139,0.309479656,0.335902355,0.265560842,0.265663906,0.334379162,0.353685497,0.32573008,0.317348187,0.312411253,0.29441621,0.322045444,0.320738847,0.368219159,0.335910746,0.308866269,0.350298883,0.327257704,0.298830911,0.348880174,,0.335714945,0.334327043,0.349712911,0.338356091,0.34315819,0.338521764,,0.325564882,0.344853707,0.340417677,0.32424988,0.347457278,0.335671099,0.326026208,0.313233173,0.344027071,0.337871586,0.308488226,0.339836842,0.351913673,0.3194326,0.339775913,0.335614778,0.338761603,,0.326816537,0.333333333,0.334637601,0.310390197,
307,,0.331616305,0.33921116,0.370145676,0.341518608,0.422417302,0.359410862,0.354120964,0.358995438,0.362478884,0.35161458,0.360513498,0.33596559,0.334635872,0.363382824,0.333657047,0.343249996,0.319451723,0.325405603,0.331862343,0.335543471,0.335654478,0.324519167,,0.334967422,0.378968705,0.342181597,0.325412131,0.350885516,0.337454006,0.336831863,0.340904673,0.321761237,0.33579175,0.316307965,0.351404103,0.366217291,0.299684376,0.340273616,0.270703647,0.270917346,0.333610279,0.354661773,0.325135205,0.320843582,0.313293893,0.302889712,0.322581825,0.319600891,0.368689816,0.338030176,0.312946618,0.352309873,0.329039368,0.298409777,0.352819301,,0.336467671,0.336345076,0.346917096,0.339106044,0.340360693,0.335305579,0.342148336,0.325882311,0.347321836,0.340296539,0.324274791,0.347610885,0.336082588,0.324840531,,0.344187292,0.335061185,0.313542385,0.330550178,0.351144542,0.318671403,0.342841904,0.33699546,0.340409607,,0.317954626,0.333333333,0.33480337,0.314354094,
308,,0.331024198,0.337963938,0.368321353,0.341008446,0.389076047,0.357217425,0.351686448,0.355844378,0.359495147,0.349760209,0.359812612,0.322864178,0.329120663,0.362632471,0.33355948,0.346356602,0.320937421,0.310990446,0.328362516,0.337121161,0.337197708,0.320750124,,0.333057725,0.371220524,0.339952223,0.33558157,0.35177805,0.33883814,,0.337150822,0.325004846,0.334591354,0.316774451,0.35268256,0.372739861,0.302943833,0.34249765,0.273797115,0.278262275,0.335483703,0.355691412,0.326257737,0.32436753,0.313978419,0.309475719,0.325692092,0.320287412,0.366983221,0.336984122,0.315156003,0.34994035,0.313558286,0.300929876,0.348520005,,0.333390788,0.342037107,0.346495433,0.337119752,0.340146653,0.338414507,,0.325629135,0.345155243,0.340398895,0.323416923,0.3454471,,0.322069895,0.311831374,0.345473408,0.333703354,0.315383435,0.335484305,0.345557162,0.31616335,0.338132649,0.325930142,0.330524653,,0.308171154,,0.334002806,0.317086421,
309,,0.332612939,0.340219747,0.366633081,0.341182765,0.414846065,0.362461675,0.354357213,0.350318893,0.359973308,0.360685641,0.360965821,0.324577121,0.338629036,0.363698739,0.335916497,0.355326262,0.320687707,0.316630344,0.332471798,0.333338737,0.335173225,0.3187143,,0.335065854,0.376319317,0.343099292,0.336589599,0.348484228,0.337498277,0.336974518,0.338939874,0.322895859,0.335477601,0.316879465,0.353651964,0.373991503,0.310869111,0.354468738,0.285077362,0.267826622,0.337853516,0.356916361,0.328863865,0.327867535,0.316360828,0.313909943,0.337600948,0.322376101,0.367731013,0.335015731,0.31239139,0.352740362,0.318248754,0.300895128,0.348497791,,0.333296225,0.330813932,0.349050062,0.338793991,0.340595135,0.335687378,0.342767082,0.32706464,0.34420085,0.342014017,0.322595434,0.344787608,0.320882001,0.328879708,0.311173374,0.342386293,0.334269328,0.313138504,0.334890712,0.34856472,0.318806778,0.341164,0.322965682,0.327524602,,0.320512494,,0.335230453,0.313661774,
310,,0.334854266,0.341557209,0.365376083,0.341597685,0.403675162,0.352333253,0.350275018,0.355367407,0.361435437,0.362177884,0.360853664,0.318889924,0.337137659,0.36398743,0.335666663,0.36793538,0.324673211,0.320469944,0.334549009,0.333482014,0.330798534,0.324688525,,0.335208271,0.364525147,0.343299183,0.331742738,0.348250153,0.332167111,0.335302163,0.336982322,0.32703177,0.335020909,0.31808732,0.350346976,0.364619413,0.307539619,0.372692424,0.301637262,0.29047177,0.342435788,0.355213313,0.327270768,0.323415522,0.311630989,0.317102055,0.336788078,0.318652054,0.371579521,0.334041605,0.311418724,0.350353097,0.314714272,0.315986869,0.34428432,,0.335923401,0.329946681,0.345124132,0.338175029,0.340713197,0.336219026,0.342339894,0.32708379,0.345839084,0.341047164,0.325170571,0.346985573,0.336890708,0.323224639,0.312831576,0.344924276,0.33483062,0.312907082,0.336384021,0.344855596,0.317754388,0.338568563,0.322509887,0.326891106,,0.318328806,0.333333333,0.333612445,0.315267631,
311,,0.337455518,0.338605907,0.363981095,0.341555641,0.382626749,0.354023992,0.346207107,0.346310412,0.354429854,0.355999945,0.359459691,0.323153579,0.330458445,0.361402488,0.336663872,0.375882511,0.365895358,0.317572385,0.340193829,0.332583135,0.332677645,,,0.331962011,0.37393325,0.341900267,0.328174893,0.347868323,0.336850939,0.336181864,0.34026725,0.321262074,0.336517536,0.314359094,0.350902276,0.373917661,0.314868655,0.382744124,0.309403846,0.30268321,0.344326212,0.358826432,0.327770662,0.334761193,0.320447997,0.314546968,0.334927779,0.31998242,0.368127167,0.333567533,0.314739053,0.340584156,0.320406622,0.31813625,0.342825946,,0.335604345,0.332461295,0.346580213,0.338127607,0.34029404,0.335000375,0.341760498,0.325522878,0.344342854,0.340615468,,0.346424721,0.335076189,0.323964717,0.313444297,0.344159845,0.330416285,0.31543178,0.339970002,0.348192248,0.317965476,0.340975789,0.323491397,0.327599877,,0.314131674,0.333333333,0.335134125,0.316593152,
312,,0.334715034,0.348179116,0.360441534,0.340966163,0.371494227,0.357181854,0.345179225,0.349397382,0.352683398,0.353689658,0.35871951,0.326377711,0.331497831,0.361219987,0.332435331,0.379313099,0.321377701,0.317731208,0.336750302,0.328722357,0.335168756,0.321039302,,0.332110182,0.377820196,0.34090033,0.332733868,0.347646921,,0.336816956,0.340644255,0.320200019,0.337945854,0.322419344,0.353781405,0.372993921,0.311759159,0.389798442,0.296813966,0.283255393,0.343436059,0.360600758,0.328465395,0.334962648,0.316295023,0.322140317,0.342040058,0.314993698,0.370311663,0.333554548,0.313060348,0.344624655,0.314223713,0.311816496,0.34446181,,0.335433897,0.334223837,0.346669551,0.339052089,,,,,,,,,,,,,0.334245265,0.312837917,0.337412906,0.349516634,0.318050498,0.342630383,0.325271738,0.329578304,,0.316328682,0.333333333,0.335294938,0.315665795,
313,,0.336044888,0.347854031,,0.340472062,,0.344231383,0.343418561,0.354797778,0.346626813,0.351819188,0.358447929,0.332343804,0.331982149,0.361857021,0.332697781,0.37826742,0.321535865,0.327221672,0.331516555,0.330241337,0.337983078,0.321546947,,0.331874933,0.366888668,0.339496044,0.330731837,0.348577357,0.337822528,0.337013089,0.337333765,0.327778568,0.337332876,0.32701529,0.354319816,0.377032394,0.300713373,0.388439743,0.302858596,0.285403635,0.342195476,0.360187734,0.328539715,0.334804759,0.315872123,0.322333634,0.341865845,0.315317215,0.370491684,0.333073736,0.314463323,0.346577595,0.327266735,0.311904206,0.347985002,,0.335849534,0.335343585,0.346536046,0.339875457,,,,,,,,,,,,,0.333054336,0.313687268,0.330252306,0.349338588,0.317394687,0.33915499,0.334163161,0.337986737,0.32786262,0.325950679,0.333333333,0.332840595,0.315976564,
314,,0.335856817,0.339306145,0.370413334,0.339934228,0.382089406,0.351320389,0.345569491,0.347102724,0.347982565,0.357598322,0.357624502,0.326692309,0.331250725,0.359065921,0.337876176,0.381250632,0.320454449,0.317137508,0.326128948,0.331197385,0.337473836,0.322074335,,0.332373059,0.375987757,0.342917786,0.33492048,0.347874667,0.336459193,0.337049819,0.340171735,0.325495554,0.33672116,0.330547882,0.354260536,0.37741874,0.303863611,0.389904133,0.305470542,0.305616183,0.34316892,0.360744785,0.328909946,0.334769636,0.285090469,0.314584152,0.338873425,0.317142343,0.367110912,0.332148609,0.315953665,0.348742911,0.316348466,0.310510073,0.351636695,,0.335141741,0.336078521,0.344612821,0.336845929,,,,,,,,,,,,,0.336945884,0.315921785,0.326258448,0.349536389,0.319102575,0.337850527,0.327571991,0.328935393,0.333458251,0.319907325,0.333333333,0.335212518,0.31658085,
315,0.327004824,0.335178631,0.338468741,0.361393023,0.339803694,0.404876865,0.358151302,0.344428069,0.346213873,,0.352847289,0.355250434,0.314356917,0.33781121,0.358164758,0.336840323,0.369995532,0.322709066,0.31867165,0.332001554,0.329482378,0.330308864,0.322316802,,0.332222217,0.384746939,0.345660358,0.335279868,0.345713148,0.332534709,0.337017686,0.334854539,0.326237474,0.332587701,0.32613814,0.352688269,0.365777849,0.307170517,0.376634796,0.299272374,0.294910108,0.342056041,0.357199749,0.32957373,0.335172377,,0.321139266,0.341094331,0.319851515,0.371926953,0.328832726,0.31457034,,0.318976784,0.312866561,0.343833464,,0.333339392,0.333113827,0.346228336,0.339928593,,,,,,,,,,,,,0.332732726,0.317856004,0.332899637,0.348524239,0.317537608,0.340177527,0.319628005,0.324215177,0.33950357,0.322251682,0.333333333,0.335641511,0.318400884,
316,0.326864818,,0.338155521,0.359799529,0.339651252,0.401108793,0.35800263,0.344509428,0.349211353,0.339138379,0.361077822,0.354341823,0.32718112,0.330007354,0.355089053,0.33685854,0.363068505,0.327202662,0.319122541,0.33999564,0.328155282,,0.327061541,,0.335234979,0.372178182,0.341275982,0.334839546,0.344863188,0.333769269,0.336606019,0.339001841,,0.33628504,0.323666531,0.351934045,0.346025285,,0.373573824,0.295902029,0.301372598,0.340839594,0.351871777,0.332603118,0.326595546,0.308307096,0.310603399,0.336954126,0.318510234,0.370372078,0.328734319,0.321777428,0.348593511,0.319009671,0.310151116,0.340653767,,0.334593471,0.333210839,0.343695259,0.339713441,,,,,,,,,,,,,0.33566413,0.321646014,0.332669014,0.342452679,0.316336281,0.338446645,0.324177691,0.328184371,0.331407041,0.321095802,0.333333333,0.335667863,0.315276578,
317,0.325525217,0.336218816,0.3375794,0.362475534,0.340305219,0.356798315,0.358518413,0.350259099,0.351788366,0.35535821,0.357051133,0.359441846,0.336264141,0.331202316,0.3627676,0.337667135,0.380988719,0.325355903,0.317091469,0.333379183,0.330884503,0.330100764,0.324932788,,0.337317207,0.336991133,0.342625771,0.336148886,0.34650044,0.339738217,0.335181431,0.340453126,0.32141919,0.337280851,0.320361876,0.351245542,0.370526225,,0.391451925,0.304231514,0.303096528,0.343782883,0.356994553,0.333362249,0.332822967,0.312592083,0.306006161,0.333646894,0.300411774,0.373760655,0.331491152,0.325996133,0.345379945,0.317548032,0.314441512,0.346371023,,0.335176986,0.332713089,0.342370004,0.339386058,,,,,,,,,,,,,0.337815566,0.324254304,0.335871136,0.350037136,0.317637435,0.342064255,0.339389021,0.342811532,0.327223582,0.320867096,0.333333333,0.333153367,0.324866207,
318,,0.335954251,0.342720691,0.360695602,0.341115724,0.400707716,0.360224007,0.350099543,0.3514581,0.358994065,0.353681118,0.357922557,0.328763501,0.331498963,0.360055329,0.336584463,0.380326136,0.324288148,0.318880382,0.337296026,0.332345739,0.328921191,0.324635543,0.331529992,0.336563002,0.337149848,0.342444863,0.333966738,0.344020512,0.33983535,0.33664047,0.341289869,0.324813869,0.336401385,0.324661254,0.354492308,0.369844065,,0.382585832,0.304593952,0.287319937,0.341996314,0.357403246,0.332589047,0.331919088,0.311662246,0.321611622,0.343229239,0.308720734,0.369331898,0.334745287,0.323495877,0.341952972,0.31812095,0.312764706,0.340596999,,0.334413257,0.334295984,0.341768343,0.339967584,,,,,,,,,,,,,0.33528067,0.322561082,0.338788954,0.349646346,0.317915754,0.342208667,0.331368705,0.334824807,0.334340594,0.321693205,0.333333333,0.336649461,0.322750611,
319,0.322876652,0.337036202,0.351001116,0.357596635,0.341354642,0.400645493,0.360702675,0.347513271,0.349801053,0.356783195,0.354050536,0.358308403,0.331375861,0.333080031,0.360644354,0.33462092,0.368310361,0.325427479,0.318696953,0.328838436,0.329880216,0.331924638,0.323750805,0.327981565,0.335521855,0.334968276,0.342457784,0.334541385,0.342295743,0.339165068,0.337491531,0.340420688,0.323543608,0.336546318,0.322737173,0.35073576,0.374270481,,0.377201866,0.303243353,0.293498196,0.34527555,0.360709391,0.330809563,0.334821469,0.317121937,0.32375337,0.343186718,,0.370879606,0.330162279,0.318738096,0.350062717,0.318324373,0.310817409,0.348969043,,0.335325515,0.334860949,0.343208584,0.339103364,,,,,,,,,,,,,0.336624852,0.318338154,0.329364536,0.349812104,0.317439028,0.342595283,0.337200551,0.340934954,0.325825754,0.320037986,0.333333333,0.336918782,0.318891925,
320,0.319102809,0.335491295,0.33749152,0.35433753,0.339957121,0.406124391,0.36018852,0.347962579,0.35191869,0.355191111,0.353689065,0.359005376,0.325121488,0.331398164,0.36136081,0.334328657,0.378256002,0.325415441,0.318465929,0.33457165,0.331674751,0.336144555,0.324267096,0.328104912,0.331768135,0.354257808,0.340760473,0.336537836,0.339245581,0.337877546,0.340035815,0.336218918,0.324972228,0.335580161,0.316592159,0.354038719,0.375265044,,0.388950602,0.303628013,0.282885211,0.344655464,0.360547573,0.330803113,0.336089411,0.315402246,0.322305128,0.342875152,0.323051831,0.372040622,0.335076124,0.317237092,0.344173461,0.320450753,0.31184076,0.347844516,,0.336861641,0.32828219,0.342878838,0.339146885,,,,,,,,,,,,,0.336463092,0.317556409,0.330850591,0.346192926,0.315678209,0.342174761,0.324667055,0.32834699,0.328771509,0.31894738,0.333333333,0.332793328,0.3190202,
321,0.319326145,0.33544266,0.337967943,0.352718109,0.34022663,0.404047577,0.358368847,0.348630236,0.352511013,0.359215437,0.362174377,0.356691068,0.320767935,0.340237274,0.358854343,0.334962335,0.377366985,0.319488816,0.318400472,0.329277042,0.331051766,0.33788537,0.320160467,0.332216643,0.332261377,0.36542334,0.340969961,0.334322694,0.342638625,0.337334695,0.335351169,0.339976893,0.324370775,0.334501367,0.321837918,0.353835039,0.375827413,,0.388435446,0.30279562,0.284036506,0.344865644,0.360443182,0.333066387,0.333560359,0.317621853,0.321591737,0.343468693,0.319566105,0.369953377,0.331002187,0.316183013,0.349146484,0.318906652,0.310639107,0.347747555,,0.332911321,0.328318416,0.340727297,0.342415596,,,,,,,,,,,,,0.334511438,0.316436731,0.327359847,0.344284599,0.317145426,0.338275863,0.324749059,0.329003472,0.332695151,0.318502061,0.333333333,0.333647685,0.317961581,
322,0.311875934,0.335805569,0.341268469,0.356646324,0.340917282,0.400758942,0.358748618,0.352259443,0.34955013,0.355309631,0.361089718,0.357636278,0.328521958,0.334389894,0.359833126,0.33837886,0.35393872,0.319130201,0.320984962,0.332570575,0.327624512,0.338208213,0.329964885,0.331579783,0.332468459,0.365942647,0.339772333,0.33212619,0.342595786,0.336467407,0.335548724,0.341731337,0.324178771,0.333444711,0.322499494,0.353999738,0.375724957,,0.369902678,0.300645104,0.270116844,0.342696596,0.3606649,,0.335399189,0.314986983,0.322537243,0.3397982,0.317963864,0.369997524,0.3291846,0.315812467,0.350402035,0.324763124,0.311195625,0.342052213,,0.333367985,0.3294678,0.337927856,0.338266775,,,,,,,,,,,,,0.335212105,0.309399091,0.332071354,0.347184736,0.316059608,0.337439366,0.32462718,,0.335368707,0.32245276,0.333333333,0.332436037,0.312943897,
323,0.323285079,0.340552779,0.334254037,0.351390377,0.340171277,0.41080644,0.356506217,0.343647485,0.348019149,0.350304113,0.359738779,0.356137189,0.336753584,0.33092301,0.362022782,0.34044813,0.359868182,0.320878882,0.310803653,0.337559508,0.329399018,0.329079004,0.320366971,0.332715218,0.332439036,0.36370531,0.341672422,0.333048666,0.343129625,0.332910156,0.335653635,0.334607069,0.324748828,0.33524926,0.324450111,0.353480298,0.340362411,,0.362967989,0.30276491,0.306493742,0.343646897,0.355010875,0.334004675,0.32556803,0.315912948,0.308405517,0.338867313,0.319636147,0.371653246,0.330953752,0.315798711,0.341873776,0.318145203,0.311821687,0.347104495,,0.334311925,0.335892656,0.339083588,0.33835782,,,,,,,,,,,,,0.33389843,0.316302542,0.333208538,0.349255778,0.31633564,0.33743022,0.334638966,0.341831675,0.336980847,0.321349219,0.333333333,0.334241404,0.316389201,0.329631067
324,0.323433198,0.335389768,0.340687315,0.351849131,0.33751343,0.397221413,0.357462788,0.349228444,0.350954237,0.360055517,0.353119778,0.358358393,0.325971808,0.333367199,0.360682579,0.333357159,0.376740552,0.319966332,0.319000306,0.331143342,0.331812757,0.338545102,0.319777223,0.332616135,0.331953444,0.342365147,0.343984845,0.334037201,0.343477828,0.334830527,0.335974092,0.335600726,0.323116824,0.332239446,0.32110696,0.35445075,0.372606602,,0.383515525,0.302681373,0.291828972,0.34447294,0.359477127,0.332433196,,0.306659221,0.317922531,0.336617863,0.320225992,0.372622161,0.332479506,0.320797494,0.346349328,0.318935873,0.312452273,0.343613125,,0.338160163,0.332832809,0.34468472,,,,,,,,,,,,,,0.335515947,0.319210462,0.333969582,0.345274079,0.316006889,0.341215788,0.326668289,0.331761982,0.320685428,0.321494226,0.333333333,0.335142088,0.321862481,0.32824441
325,0.322475003,0.334173003,0.345705781,0.350280407,0.338513449,0.390181932,0.351455724,0.349070788,0.349391428,0.35667628,0.363021868,0.357142805,0.320745465,0.330356254,0.359189363,0.334172062,0.377288253,0.322009995,0.319340881,0.339152501,,0.333531055,0.322332481,0.331765209,0.332078812,0.338753243,0.343196408,0.333696499,0.341367251,0.335623925,0.334982528,0.338881267,0.320978628,0.336323979,,0.353415025,0.371800946,,0.388918305,0.303629434,0.286036909,0.344868357,0.36097639,0.327336808,,0.304660845,0.318375803,0.338980622,0.321635835,0.369411571,,0.316520285,0.348124449,0.319310188,0.309467071,0.34110298,,0.332862219,0.330067966,0.338599766,0.338229991,,,,,,,,,,,,,0.334646407,0.322339242,0.339235337,0.348009988,0.319482222,0.33875975,0.32051705,0.325179144,0.324583485,0.32228063,0.333333333,0.336474106,0.324507812,0.33106634
326,0.321458353,0.3363901,0.334901542,0.347815493,0.337138047,0.400898236,0.357267134,,0.350095337,0.354546954,0.352278605,0.357378858,0.323585861,0.331703952,0.359124784,0.336113132,0.370202108,,0.325910032,0.34164525,,0.328636296,,0.333015332,0.332754466,0.335305996,0.342852073,0.332331903,0.341358907,0.336206062,0.335737103,0.340139834,0.318791597,0.359963791,0.32719323,0.351504708,0.352698354,,0.377655456,0.300539366,0.302494492,0.343532638,0.354181366,0.333116861,,0.30860402,0.319883954,0.335651013,0.319561259,0.365996018,,0.322047992,0.349149208,0.325386899,0.313051042,0.341384964,,0.335196415,0.333941457,0.339251491,0.337417566,,,,,,,,,,,,,0.336249801,0.319028655,0.337379545,0.350844816,0.317948788,0.338140474,0.323861546,0.326506621,0.335023635,0.323151252,0.333333605,0.335384489,0.321594648,0.329030129
327,0.323551288,0.334311591,,0.348736044,0.337234059,0.433169184,0.354583439,,0.353380341,0.355626847,0.360426219,0.356051442,0.322414177,0.330458667,0.357617787,0.337053667,0.375326194,0.320888955,0.318510112,0.340284948,,0.337570233,0.320616661,0.331205866,0.330927706,0.335762872,0.343116093,0.332501116,0.340379706,0.335927811,0.336652979,0.340005824,0.318649763,0.359086167,0.316672599,0.353484778,0.37130353,,0.385005092,0.301335239,0.290132806,0.344295958,0.359535181,0.334007139,0.332626851,0.313101232,0.311022949,0.338189434,0.320697489,0.370375436,,0.317875717,0.343182506,0.319633296,0.309454769,0.348493176,,0.334990349,0.340473931,0.339303454,0.337758197,,,,,,,,,,,,,0.332255681,0.319216699,0.339936912,0.345983443,0.31801644,0.337172989,0.316663645,0.326764957,0.330218552,0.321926726,0.333333333,0.334998394,0.320526341,0.329620432
328,0.324095281,0.329659505,0.339096891,0.351247628,0.339873128,0.395767965,0.357010096,0.351862434,0.345839179,0.357665917,0.354365947,0.356366629,0.31862058,0.329769661,0.358138484,0.335291229,0.37769265,0.322834356,0.318131063,0.327283158,0.327102755,0.329665457,0.323581063,0.329172182,0.331333635,0.335790924,0.34271237,0.332305272,0.340706917,0.33543317,0.337276054,0.341596013,0.323168768,0.335466154,0.319608092,0.353104146,0.372974248,,0.387745611,0.30038686,0.285625741,0.344484974,0.360390454,0.331270855,0.330776042,0.31083821,0.319320404,0.339965429,0.317990789,0.371326865,0.32901134,0.319277684,0.341457605,0.316735079,0.309167326,0.350271744,,0.336178581,0.33294168,0.337863684,0.339837528,,,,,,,,,,,,,0.335076815,0.319599775,0.326785414,0.349578543,0.315935424,0.339396113,0.319152998,0.322892885,0.330767918,0.319903161,0.333333333,0.335687742,0.320612214,0.331807964
329,0.324001396,0.336105716,0.338949322,0.341888578,0.339592008,0.331978118,0.347643274,0.341478545,0.340533792,0.346110538,0.353215096,0.356916393,0.323646439,0.332705917,0.359441538,0.334269587,0.377319932,0.323350039,0.308393849,0.334714016,0.329767432,0.329913673,0.323933778,0.327783994,0.331613282,0.334376082,0.341155733,0.33441806,0.341051391,0.336483365,,,,0.334665027,0.320482152,0.351656192,0.36954002,0.302364037,0.388508006,0.302140945,0.298231036,0.345130707,0.358720411,0.333362692,0.333706267,0.314067133,0.319454305,0.340933993,0.321209952,0.370563125,0.330205976,0.319558062,0.343973222,0.321604826,0.309594807,0.343044141,,0.337910951,0.328140052,0.336025486,0.33859203,,,,,,,,,,,,,0.330996053,0.319522758,0.335349209,0.346942976,0.31389859,0.341850887,0.319850351,0.323593483,0.335566966,0.316007098,0.333333333,0.33472334,0.319838802,0.328997522
330,0.323525998,0.335680578,0.336489777,0.342014544,0.336860939,0.389244285,0.348706112,0.343698157,0.349076703,0.352562698,0.356119527,0.357636062,0.322514088,0.331612143,0.358992032,0.334795475,0.375460402,0.324393988,0.318613609,0.335148835,0.329851357,0.330240362,0.323553865,0.328444669,0.333275338,0.337622647,0.345274946,0.336656901,0.338205368,0.333858609,,,,0.333050674,0.321321008,0.353237862,0.375434695,0.307448989,0.382894571,0.304171528,0.282365456,0.345207347,0.361707268,0.333405424,0.330551009,0.314846545,0.315319311,0.332317029,0.319575057,0.37022576,0.330921501,0.316875475,0.344178418,0.318138025,0.309033564,0.348856726,,0.334795345,0.327366137,0.336178241,0.337361217,,,,,,,,,,,,,0.332550786,0.316573676,0.33539406,0.343361052,0.314843427,0.337944947,0.320711816,0.324752174,0.327006223,0.321489484,0.333333333,0.334320344,0.318641965,0.329533131
331,0.32323448,0.33682226,0.34864015,0.347472943,0.338703054,0.379548515,0.348961363,0.343149662,0.341533328,0.352773534,0.362862346,0.358813848,0.325506606,0.331835251,0.359589916,0.335499963,0.379620554,0.326174228,0.317016288,0.335407046,0.331599295,0.333022883,0.325994514,0.329386683,0.33571065,0.338167153,0.340041166,0.337430316,0.340056498,0.335645962,,,,0.335907085,0.320107871,0.353026055,0.373993999,0.298591437,0.387754021,0.301295207,0.285646258,0.345965046,0.358260759,0.332349072,0.335786584,0.26895812,0.313810964,0.330179542,0.316195884,0.372824481,0.332448658,0.318002986,0.341122542,0.315639694,0.315826791,0.342365561,,0.337935599,0.332063163,0.337542209,0.338188161,,,,,,,,,,,,,0.334704693,0.317426182,0.335733208,0.342641344,,0.337791581,0.323543787,0.32718706,0.331626043,0.318734321,0.333333333,0.333396618,0.31798868,0.328676777
332,0.325395218,0.336982017,0.347912806,0.345554763,0.337186022,0.375818914,0.355645141,0.347698287,0.350342903,0.358740845,0.361302018,0.353809441,0.322622703,0.330363192,0.355596655,0.339153789,0.361836522,0.324092233,0.317146525,0.336401682,0.331556374,0.328495787,0.325279459,0.326793206,0.330345574,0.335779832,0.342867498,0.338488914,0.338005124,0.336519901,,,,0.343064314,0.313831117,0.346975075,0.361467476,0.306619412,0.365416779,0.295870478,0.288347143,0.340395614,0.356192818,0.333753161,0.329318818,0.311996048,0.320300727,0.340181163,0.317175759,0.369368619,0.332598571,0.31628812,0.342326975,0.317501288,0.313362125,0.343075405,,0.336444333,0.333946136,0.335160795,0.33850607,,,,,,,,,,,,,0.332155574,0.315957007,0.336130726,0.346338949,,0.338141213,0.3227906,0.327878644,0.334564423,0.316970545,0.333333333,0.33252535,0.317597343,0.327716315
333,0.324063001,0.334525455,0.346872179,0.345373196,0.338369932,0.389100498,0.356609741,0.350089483,0.355479359,0.358161676,0.3641005,0.355964237,0.323040869,0.337028996,0.357882768,0.333419719,0.374592334,0.321665914,0.313924872,0.335447311,0.329014623,0.338190428,0.32998524,0.32818405,0.332347694,0.335290776,0.341637723,0.336422216,0.338326811,0.333506729,,,,0.358428077,0.318056411,0.353607006,0.369631285,0.304073348,0.384615801,0.301606659,0.297447183,0.343475431,0.358350145,0.332007944,0.329595481,0.312401452,0.316426855,0.33567179,0.317996339,0.370049617,0.330411927,0.315707104,0.33654088,0.315407131,0.308850831,0.341940922,,0.333725531,0.333188485,0.334496137,0.339049891,,,,,,,,,,,,,0.332786126,0.31600254,0.335778602,0.346959623,,0.338639254,0.324566874,0.328621257,0.334563187,0.307997079,0.333333333,0.333468836,0.31817175,0.331904846
334,0.322759462,0.333356091,0.342922435,0.344683018,0.338368878,0.330738367,0.34355589,0.336907646,0.344623224,0.350898802,0.353178755,0.355866502,0.324159462,0.330344687,0.357183583,0.334187583,0.374135796,0.327135988,0.315242253,0.331099095,0.329157447,0.337987098,0.329592661,0.330693328,0.330081473,0.336100265,0.341433994,0.333911754,0.338715188,0.333286498,,,,0.333314803,0.322826175,0.3533331,0.366700877,0.307292236,0.380497886,0.295835748,0.290887981,0.342690073,0.356405808,0.332284721,0.329284481,0.31303257,0.312158075,0.336522416,0.318183088,0.367469033,0.328065718,0.315820657,0.342329692,0.332071301,0.31094438,0.342619682,,0.341352418,0.322893192,0.338694476,0.338001171,,,,,,,,,,,,,0.335471127,0.316351208,0.329308653,0.343562774,,0.338210393,0.325058837,0.328181894,0.331936584,0.310293611,0.333333333,0.332867759,0.318461675,0.331932286
335,0.323491791,0.335554498,0.337722672,0.348151849,0.337715787,0.35038353,0.343644405,0.346269495,0.345581507,0.337329799,0.360061481,0.354736218,0.327347915,0.329967747,0.357744071,0.339224882,0.379220172,0.329635275,0.310449429,0.335476491,0.330960606,0.33217864,0.327935127,,0.330689616,0.338085328,0.341762045,0.334839684,0.339942766,0.335233128,,,,0.338995925,0.330865969,0.351372751,0.366975328,0.306974393,0.389812154,0.299390465,0.298091809,0.343526065,0.357617843,0.333843244,0.325283913,0.284674164,0.321458436,0.335356492,0.290998793,0.367324498,0.331062686,0.317832439,0.347481464,0.324977338,0.308982878,0.342426398,0.323464798,0.337096617,0.337173001,0.335596125,0.337129168,0.340670644,0.338966725,0.343173207,0.323398552,0.345959581,0.344254667,0.317202365,0.331080853,,0.320975465,0.314027891,0.342524104,0.332209281,0.317899819,0.335428057,0.348594135,,0.338164865,0.322920418,0.326616888,,0.309276392,0.333333333,0.333417143,0.319810559,0.331806482
336,0.323133125,0.33764771,0.338779232,0.349139149,0.336294701,0.384199302,0.351818732,0.348547814,0.349010115,0.3552629,0.362202225,0.353318831,0.326580552,0.33029823,0.35421501,0.338907597,0.362774197,0.329307646,0.319120969,0.325719208,0.32888732,0.329303085,0.327656814,,0.331185628,0.336551442,0.341630928,0.335679607,0.339078168,0.33564469,,,,0.340156828,0.319686791,0.353080841,0.356319714,0.300482151,0.365938988,0.298288111,0.29083486,0.338592574,0.353795247,0.330378799,0.327810041,0.312565302,0.314042752,0.337247857,0.294916411,0.369454811,0.328442199,0.321730314,0.344836812,0.323949009,0.310023063,0.350959598,0.323478328,0.334609443,0.340055571,0.341176816,0.33900854,0.339382281,0.337302221,0.343196662,0.321596531,0.344441689,0.342516098,0.316582914,0.331435792,0.343932028,0.316617871,0.313142038,0.341556866,0.331423754,0.321762361,0.325665588,0.344072778,,0.338119657,0.324443988,0.327647442,,0.316918143,0.333333333,0.33379908,0.32104854,0.332734492
337,0.32651356,0.342362644,0.335803651,0.350983931,0.337150222,0.377665459,0.352221537,0.348586929,0.350370828,0.350077176,0.363282406,0.355974778,0.32248291,0.330293812,0.358260351,0.338081895,0.371449656,0.324263915,0.320076768,0.330974045,0.331563419,0.330095603,0.32527224,,0.336673789,0.336013487,0.342999502,0.335568947,0.339942588,0.338285648,,,,0.33739895,0.314713679,0.348935199,0.354046728,0.306856927,0.378716886,0.297372694,,0.342286841,0.3556725,0.333683998,0.328024861,0.31616764,0.314123045,0.332593321,0.314305169,0.368949168,0.333955336,0.320615794,0.345074167,0.319945208,0.308049937,0.350438328,0.322828781,0.335608204,0.344497376,0.341556726,0.340008124,0.339407828,0.337078927,0.342646265,0.320411922,0.345288701,0.345003639,0.314221508,0.331309629,0.335920827,0.316554301,0.316102414,0.342897735,0.333781842,0.319876927,0.333018068,0.342135656,,0.33828472,0.32359024,0.327192504,,0.322670563,0.333333333,0.334215098,0.317704897,0.331880695
338,0.324238775,0.336597991,0.341439019,0.345041519,0.337672117,0.327143869,0.35527544,0.344958902,0.345921891,,0.362139218,0.356296284,0.327752529,0.331247224,0.358636242,0.334597638,0.382122154,0.323548297,0.317660213,0.32121617,0.323612778,0.327457218,0.323845273,,0.331807293,0.334278106,0.343333103,0.337338795,0.336071471,0.334954518,,,,0.338835303,0.317062847,0.348070065,0.361093466,0.294930706,0.394908242,0.298922375,0.300013123,0.343489921,0.353987792,0.333480268,0.331172247,0.311505956,0.320144097,0.338146722,0.317304133,0.371406051,0.324646608,0.318768476,0.339147061,0.317588273,0.309517841,0.354317599,0.323651263,0.336627193,0.33549204,0.342572074,0.338886435,0.340200425,0.337051564,0.341742814,0.320762,0.34487418,0.344854176,0.316243878,0.331143939,0.336056459,0.314199752,0.314733207,0.343011298,0.332253352,0.319193768,0.32174572,0.34759098,,0.338267552,0.32706859,0.33054138,,0.321063666,0.333333333,0.332294009,0.319863144,0.331111762
339,0.323860304,0.335380158,0.342157884,0.347283343,0.33794328,0.39316108,0.358683029,0.344672453,0.345103144,0.345957725,0.360763082,0.357031509,0.321019322,0.335568745,0.359241402,0.33367098,0.374976076,0.325684923,0.317849635,0.331288289,0.330959939,0.338962358,0.324971418,,0.331907328,0.33574077,0.341707997,0.332647075,0.339265075,0.333821938,,,,0.336182669,0.319596342,0.35444351,0.370908933,0.308258747,0.383499819,0.302413473,0.293634639,0.341655057,0.3586186,0.333325514,0.332179507,0.312710896,0.319761343,0.338835455,0.319903271,0.370958501,0.332429208,0.319368763,0.346689437,0.318625858,0.310024904,0.34372921,0.32500742,0.336502894,0.335205479,0.340732358,0.339032175,0.339915731,0.338311799,0.341776942,0.322851729,0.344247099,0.343106033,0.320176608,0.333281635,0.334876172,0.32247333,0.313967561,0.344313851,0.333809161,0.31895987,0.328806966,0.349028785,,0.338438668,0.320494901,0.325744741,,0.321703311,0.333333333,0.334890721,0.320033892,0.331441039
340,0.32386242,0.335222693,0.348353939,0.344384258,0.338762683,0.324638431,0.361409803,0.340674721,0.348270881,0.340767422,0.355951527,0.356356854,0.334697989,0.33046539,0.358659685,0.333974694,0.373583079,0.329872716,0.317013641,0.328249859,0.329995349,0.336562262,0.32775203,,0.330627471,0.33599249,0.341593925,0.335507902,0.336351993,0.336797755,,,,0.338106723,0.320610718,0.354231723,0.371745367,0.29666227,0.381814983,0.302497985,0.290234664,0.343688798,0.358537297,0.330409588,0.329662352,0.311586,0.31045225,0.335905571,0.316795359,0.371037204,0.327882311,0.317612869,0.34707411,0.317946794,0.309260692,0.352532395,0.324413092,0.337726504,0.33283277,0.341669348,0.338743117,0.339439439,0.336352779,0.341667302,0.319377166,0.344134028,0.34420579,0.321223899,0.338808461,0.335609265,0.318542814,0.313320981,0.343779046,0.334033292,0.319162564,0.328770228,0.347802218,,0.337786312,0.334519867,0.339326288,,0.320562068,0.333333333,0.332977075,0.317625778,0.331490641
341,0.32244564,0.334977601,0.338545375,0.346556455,0.338344287,0.336787782,0.348074368,0.34334436,0.34063538,0.340226008,0.355543759,0.356613967,0.32799022,0.332431691,0.358960247,0.332909397,0.374454292,0.328739189,0.322629053,0.325560275,0.327718893,0.338629119,0.328287826,,0.331747906,0.335255471,0.342648343,0.333201609,0.337336298,0.336220564,,,,0.337093458,0.322279583,0.354129869,0.376568141,0.305307155,0.383732258,0.302449137,0.297434107,,0.358741224,0.331996972,0.329295243,0.299718416,0.318748205,0.338890298,0.324100624,0.3709475,0.3290673,0.31448657,0.346646219,0.323657102,0.310777289,0.343395148,0.324229676,0.335907914,0.332607596,0.34196728,0.33881812,0.339605202,0.337607309,0.342240198,0.322162998,0.344475763,0.342895909,0.321507554,0.337847865,0.336921521,0.319135465,0.313484467,0.342837114,0.330833621,0.314474513,0.324985205,0.342255947,,0.33838237,0.327432976,0.331432648,,0.324391632,0.333333333,0.334369924,0.316783247,0.330342698
342,0.324567831,0.335168424,0.33819239,0.347686903,0.339241791,0.380446584,0.351857259,0.34556205,0.349619938,0.34983761,0.359917709,0.356169947,0.323533675,0.332751883,0.358595321,0.333320954,0.379734115,0.325233273,0.318438854,0.326137708,0.329493458,0.328318127,0.324190939,,0.331500694,0.335190132,0.344562684,0.332852077,0.33869919,0.335698598,,,,,0.319220891,0.349129076,0.364920546,0.308370771,0.387271285,0.298875935,0.302679395,0.344229937,0.356824908,0.333491032,0.331169295,0.31182595,0.314332421,0.330390893,0.31459335,0.366109097,0.332455755,0.317068632,0.347737329,0.318310404,0.308735675,0.350757857,0.323420204,0.335084376,0.32861647,0.339944505,0.339647786,0.339406125,0.337466715,0.342105917,0.320475476,0.344083621,0.342298573,0.321362219,0.339604288,0.336559383,0.323411691,0.313116812,0.344050733,0.331775599,0.317289782,0.325489573,0.345213302,,0.338889998,0.322320396,0.326460565,,0.321666656,0.333333333,0.335274809,0.318630143,0.3320927
343,0.325409352,0.33405594,0.350551408,0.349291386,0.339772699,0.356852533,,0.347923141,0.348445646,0.347950828,0.360569153,0.35619909,0.32713518,0.332639367,0.357584731,0.338577938,0.371422755,0.327131315,0.319684589,0.327738579,0.328866972,0.328694512,0.327228891,,0.331331642,0.339151647,0.342612614,0.336614285,0.336849104,0.336811224,,,,,0.316633815,0.349445813,0.365467648,0.277066369,0.374393653,0.298406382,0.304173377,0.343166108,0.355178754,0.332216218,0.330607984,0.314458478,0.322318663,0.335415567,0.311396259,0.364984677,0.328825925,0.315589526,0.346585414,0.319007283,0.308078494,0.348115984,0.324088023,0.333452191,0.329936508,0.337554927,0.33842456,0.33929948,0.337327628,0.341968514,0.319365957,0.344984143,0.341604765,0.321636485,0.337973734,0.336621907,0.318484266,0.313025571,0.343524283,0.335174611,0.317516483,0.333088884,0.349187724,,0.33761832,0.327532292,0.331086267,,0.322389221,0.333333333,0.333500172,0.317121301,0.329804377
344,0.322942187,0.33896049,0.336649559,0.345133153,0.339128574,0.385772872,0.355828649,0.344297062,0.350139631,0.349246807,0.36348215,0.35718643,0.326117791,0.332931857,0.358663764,0.336869781,0.368191017,0.325377291,0.319904927,0.33012798,0.326941198,0.328655894,0.328571723,,0.332022829,0.343475621,0.340670291,0.335452547,0.335613566,0.333565577,,,,,0.31882716,0.352488916,0.337543416,0.298155937,0.374577881,0.291670085,0.296019053,0.341656302,0.353519847,0.332901578,0.332752953,0.315961157,0.315550088,0.337627746,0.314315361,0.372723545,0.327859377,0.3172231,0.345505698,0.320836735,0.312058936,0.343330296,0.326144646,0.335508551,0.334278332,0.335289483,0.339016081,0.339652178,0.337601404,0.34157463,0.31935638,0.344919084,0.340895599,0.321022169,0.334164937,0.338525058,0.318252152,0.3132134,0.34359812,0.336383564,0.316740935,0.328007302,0.34670564,,0.338092489,0.325370508,0.328203027,,0.322989801,0.333333333,0.333899515,0.316565336,0.33302049
345,0.322819636,0.339647432,0.337508585,0.345487456,0.338284758,0.368633797,0.354392241,0.347272369,0.350928122,0.355081802,0.358183291,0.356506956,0.326349277,0.332982394,0.357497822,0.338054319,0.374389373,0.332121142,0.323088992,0.328543882,0.325365685,0.328329663,0.32823969,,0.330988785,0.338732678,0.343685163,0.337152596,0.338329735,0.336235489,,,,,0.320798412,0.354990911,0.357795755,0.305468308,0.383557652,0.297775567,0.295853142,0.342057543,0.353366709,0.331154692,0.331052643,0.314774786,0.313796227,0.331579622,0.309944483,0.370438552,0.325754914,0.322352761,0.345453165,0.319289263,0.309758562,0.343261753,0.322987573,0.334940533,0.330969968,0.336812139,0.338481508,0.339865714,0.337776394,0.341829748,0.320081273,0.342911086,0.340851051,0.320882309,0.334921384,0.338221614,0.318639282,0.313030271,0.343394203,0.332902907,0.322667983,0.326551197,0.346861114,,0.337946079,0.32737049,0.331517003,,0.324571024,0.333333333,0.3338658,0.324162218,0.333336109
346,0.325354407,0.335357529,0.337253908,0.345524975,0.337309375,0.310600632,0.358029956,0.34988305,0.348263504,0.35982169,0.360011213,0.357561683,0.325814302,0.336111869,0.360047679,0.338299969,0.375219693,0.329530099,0.318736256,0.323445746,0.328405565,0.338347406,0.331284969,,0.33146019,0.336277783,0.34128687,0.33572191,0.339098551,0.333182006,,,,,0.319006212,0.354872454,0.37235076,0.315014004,0.383240775,0.299628238,0.29302908,0.342001877,0.358996158,0.332947631,0.332423324,0.314032442,0.314051583,0.334684481,0.318756653,0.371634285,0.329460681,0.322646711,0.348482581,0.32019956,0.312624226,0.345642385,0.325659505,0.331779017,0.329745292,0.338973248,0.339037349,0.339568759,0.337879262,0.341106748,0.323610535,0.343578924,0.340913316,0.320422072,0.336462457,0.335729433,0.323868087,0.31195857,0.340562353,0.334061076,0.32182296,0.322572285,0.345005674,,0.33745614,0.32532437,0.329025621,,0.320698948,0.333333333,0.334153404,0.322446377,0.331828379
347,0.324994193,0.334693388,0.33787826,0.3502592,0.339628034,0.317848236,0.344661889,0.349900425,0.345500291,0.342423484,0.362027472,0.356645521,0.326655161,0.331605898,0.359043443,0.336094649,0.372407843,0.327345536,0.315788562,0.325259882,0.329815639,0.334420884,0.325834937,,0.330652908,0.336863924,0.342855595,0.337797704,0.339474938,0.33660843,,,,,0.31916915,0.353975916,0.37666659,0.317453505,0.372918603,0.300582793,0.29560878,0.34366653,0.358684685,0.332159099,0.330894019,0.293336761,0.309818533,0.324129413,0.311410162,0.365927548,0.324129537,0.318577289,0.347856089,0.318914688,0.3116068,0.342165642,0.326190163,0.331095425,0.332457074,0.33985578,0.338931737,0.33931184,0.338201133,0.342654624,0.323451923,0.341872625,0.339712902,0.314962919,0.336211813,0.335560974,0.32375675,0.313534873,0.342218719,0.333875911,0.319049756,0.325835834,0.343448755,,0.338233343,0.326057901,0.32904347,,0.319475985,0.333333333,0.334273138,0.31960466,0.324805176
348,0.324942598,0.336258447,0.337745111,0.349579634,0.334850372,0.361588188,0.351084892,0.344477197,0.345839035,0.354530101,0.36281937,0.357281992,0.325410268,0.335697168,0.35896087,0.338120713,0.356557395,0.331547853,0.318247519,0.324543718,0.330194508,0.328162217,0.331731332,,0.331800104,0.336160422,0.344166127,0.336734807,0.338167532,,,,,,0.320500094,0.352675792,0.340060117,0.318611646,0.355904821,0.296417389,0.287318025,0.340731023,0.351504097,0.332607417,0.330198456,0.315960464,0.312778035,0.327794652,0.315308334,0.369989391,0.330793764,0.323002612,0.345481628,0.313917462,0.313359584,0.344185199,0.328018606,0.329910767,0.331502796,0.340302774,0.338565525,0.339389611,0.334299999,0.341245587,0.319830006,0.340878122,0.340401316,0.314979074,0.336857329,0.325953881,0.323126392,0.313991309,0.342642603,0.33130943,0.32300402,0.323810902,0.344259546,,0.338409765,0.324274088,0.327805026,,0.308230251,0.333333333,0.332335239,0.323531638,0.331198235
349,0.322534028,0.33975685,0.336384549,0.348253427,0.332742705,0.380994814,0.353774636,0.347205877,0.347388291,0.344965825,0.363686399,0.356319976,0.329880338,0.333850418,0.358672602,0.337506222,0.374220873,0.325990264,0.318178582,0.325149181,0.329841676,0.330939493,0.32609772,,0.344253397,0.336045351,0.345058851,0.33500691,0.335696125,0.332338417,,,,,0.317052017,0.350280991,0.365156504,0.317766688,0.382370964,0.300255608,0.29389068,0.343455787,0.359718594,0.330643437,0.329901341,0.299539508,0.314832316,0.335809285,0.320120296,0.37231762,0.330087655,0.323164035,0.344484327,0.318416018,0.311015104,0.342112521,0.326876289,0.331970953,0.327582934,0.340774881,0.337987779,0.341857398,0.339811799,0.34241602,0.322263582,0.344134119,0.33807699,0.316246109,0.335446519,0.333793886,0.321612359,0.313617622,0.34205563,0.333355565,0.323171598,0.321803789,0.343648627,,0.33805534,0.328118422,0.332281292,,0.321613414,0.333333333,0.332771258,0.322088411,0.326569535
350,0.325070148,0.334921844,0.340267678,0.345016919,0.334339913,0.378568576,0.355197786,0.344977548,0.340664132,0.342613088,0.362013299,0.356251606,0.326648104,0.335610152,0.358678672,0.338858171,0.376419952,0.327302539,0.31854316,0.327748427,0.32647449,0.338604808,0.326767415,,0.330444404,0.336046092,0.34673225,0.334970256,0.33470122,0.332735831,,,,,0.321284488,0.354189604,0.367291238,0.316353556,0.386711091,0.302463553,0.299967495,0.343354764,0.358374964,0.333627426,0.329587951,0.300936172,0.31330766,0.328970431,0.303741578,0.368283544,0.325397415,0.32540754,0.339289831,0.318163809,0.308762648,0.34666571,0.326396352,0.33621383,0.332081548,0.338527334,0.339604242,,0.339544037,0.343155665,0.325259533,0.341636729,0.341958974,0.318189359,0.334270466,0.3396143,0.318964546,0.314711551,0.342771728,0.334002003,0.324955952,0.326491835,0.34229077,,0.338710796,0.324794305,0.327948711,,0.321097773,0.333333333,0.332358522,0.323962172,
351,0.320312725,0.338158059,0.338682341,0.34738576,0.335930193,0.384435702,0.351105676,0.349634515,0.350763511,0.344277989,0.360308858,0.351508882,0.327241353,0.334919355,0.352697857,0.339179621,0.361788809,0.326335136,0.31941036,0.331414117,,0.32910034,0.324906101,,0.332570252,0.335934221,0.343800885,0.332493268,0.335268184,0.332390489,,,,,0.333295373,0.351397905,0.332131853,0.314465615,0.364175907,0.294915967,0.298630788,0.336669048,0.352441056,0.329939496,0.320817308,0.312229838,0.304719962,0.333596962,0.320047594,0.370553865,,0.326080894,0.345229375,0.314931577,0.31198735,0.34785209,0.322230125,0.335083265,0.337513633,0.339478016,0.33981283,,0.340275227,0.342873132,0.323669582,0.345084845,0.342474874,0.316413959,0.332009992,0.337022414,0.314298183,,0.343573601,0.334858531,0.325681815,0.329736472,0.345074833,,0.33964623,0.328163574,0.331671395,,0.312548827,0.333333333,0.332239957,0.326397799,
352,0.324855586,0.339667769,0.337682558,0.34514304,0.334626138,0.36806716,0.360052178,0.347822138,0.352084981,0.34717629,0.360229545,0.356378163,0.330542519,0.33004766,0.35776016,0.338317735,0.368123574,0.334931695,0.314300615,0.327149615,,0.331415009,0.334877551,,0.331639749,0.337680169,0.344722247,0.332941065,0.336031294,0.333100408,,,,,0.332897638,0.351659336,0.363019536,0.31609819,0.374999007,0.294225842,0.304162462,0.340346659,0.358564464,0.332913696,0.328463883,,0.311689811,0.3321619,0.31703941,0.366703481,,0.323584304,0.339865033,0.31345152,0.310603008,0.344523583,0.320724719,0.337344886,0.336196667,0.337626239,0.339462679,,0.339375103,0.343480872,0.325143466,0.344220675,0.343874558,0.316760031,0.33139817,0.34139156,0.313562333,0.314228646,0.343472823,0.333724399,0.324682607,0.326726079,0.346859286,,0.337789964,0.330828346,0.333738291,,0.31807362,0.333333333,0.330899301,0.323879608,
353,0.325198185,0.335405592,0.345599875,0.348158025,0.334347625,0.379809864,0.344196255,0.343120392,0.333006803,0.341330928,0.360637302,0.353881943,0.337664188,0.332937061,0.357069842,0.339695925,0.367622002,0.324079834,0.318513329,0.327728345,,0.329221326,0.324417055,,0.330027297,0.333479274,0.341846918,0.33462172,0.33513332,0.335518965,,,,,0.316677374,0.350938938,0.362226331,0.314768488,0.372216412,0.29352079,0.291372175,0.343820375,0.355472166,0.333350955,,,0.312296125,0.332266833,0.318211025,0.367605428,,0.323831632,0.342541693,0.318789674,0.306097691,0.343195546,0.324344434,0.336495006,0.339911355,0.339961084,0.339914244,,0.338797346,0.343809366,0.323168522,0.345266645,0.344049236,0.316513764,0.331066704,,0.311507856,0.313367301,0.343455597,0.335752297,0.3237079,0.327322604,0.349832732,,0.33872313,0.338760855,0.341907085,,0.321720735,0.333333333,0.332172205,0.32433693,
354,0.324520723,0.3339266,0.336116289,0.347291321,0.33573427,0.333066114,0.347153166,0.34394752,0.344011331,0.343055916,0.361853276,0.355341992,0.323696314,0.324388421,0.357930058,0.333526754,0.374923763,0.327517596,0.31832229,0.335038507,,0.338458084,0.325727066,0.328344684,0.332392498,0.336155704,0.345277672,0.334686133,0.336349401,0.330176351,,,,,0.318067646,0.353039811,0.370306507,0.314606675,0.384313145,0.299370776,0.296058097,0.343225326,0.35718111,0.332209996,0.330771667,0.313419057,0.317564032,0.33713069,0.312423042,0.37108118,,0.32351391,0.342895466,0.31923832,0.308486279,0.338323951,0.325703127,0.335045551,0.337975192,0.336361134,0.339038109,,0.339559632,0.343977425,0.311950546,0.343812979,0.341798844,0.320073584,0.33173889,0.335687582,0.320338067,0.314353044,0.342952001,0.331682234,0.325467593,0.33461091,0.347635661,,0.337795568,0.329159054,0.329910052,0.333585903,0.321009247,0.333333333,0.333029756,0.324997387,
355,0.328530866,0.333278688,0.337825794,0.34076062,0.334004343,0.384078806,0.366643122,0.346393883,0.346770329,0.346752602,0.358452707,0.356389332,0.327378437,0.33085218,0.358157262,0.338342161,0.373913899,0.323196216,0.313133668,,,0.329865054,0.324505015,0.328429876,0.331062328,0.337446493,0.339854241,0.333416572,0.336278143,,,,,,0.332520921,0.348610333,0.36313031,0.31582617,0.380031358,0.291820612,0.28278883,0.346387339,0.351913265,0.330837463,0.31794343,0.277116174,0.32058965,0.33440658,0.318804953,0.368885593,,0.323924996,0.344228336,0.317313407,0.309361973,0.342235871,0.323208132,0.334330547,0.342653566,0.337891108,0.337294907,,0.341252016,0.341987356,0.319702288,0.343434441,0.342573178,0.31865913,0.331089171,,0.317642589,0.313538898,0.343700438,0.330660347,0.323930382,,0.342540988,,0.335368474,0.323256744,0.327208968,0.338967832,0.308124059,0.333333333,0.332820003,0.323534776,
356,,0.338443715,0.338390668,0.344365686,0.334908966,0.381669476,0.356496259,0.349052489,0.351226773,0.343347122,0.36264146,0.355171321,0.326210719,0.335364174,0.356614966,0.339284466,0.363383765,0.331129845,0.31486944,,,0.329518259,0.331655456,0.327633457,0.331989585,0.337228221,0.345826015,0.335341068,0.339210073,,,,,,0.317295781,0.346640733,0.320517996,0.317777345,0.366573629,0.296928037,0.28936693,0.339803049,0.353589503,0.331765899,0.325384692,0.298287771,0.318612288,0.333813492,0.317845406,0.370982991,,0.32381709,0.341553724,0.31344751,0.308984855,0.340810586,0.326363359,0.336934489,0.340520234,0.3400114,0.338385361,,0.340345011,0.342593595,0.314668588,0.344496173,0.342929157,0.321169228,0.331468286,0.340826622,0.317202302,0.314113343,0.343283351,0.333777082,0.324803575,,0.342674474,,0.339909009,0.327676742,0.331094934,0.340949253,0.316715643,0.333333333,0.332239098,0.325170096,
357,0.328326947,0.337866003,0.338224855,0.344356809,0.334757626,0.377358098,0.359760324,0.34543359,0.346982619,0.347558792,0.36458076,0.354649648,0.327924789,0.335189314,0.355175847,0.339820868,0.381307703,0.326998337,0.31161394,0.326035959,,0.328567611,0.328232842,0.329574232,0.333769581,0.333720736,0.345850956,0.335787574,0.337594992,,,,,,0.323504269,0.351696009,0.363714494,0.318762705,0.394105623,0.299721947,0.298198769,0.339906847,0.352323292,0.333687104,0.327839998,0.312121326,0.319313889,0.336744437,0.32535975,0.371737718,,0.323001707,0.345028163,0.313779579,0.308835522,0.339255704,0.325018148,0.332839587,0.340761276,0.335121714,0.340241619,,0.340331498,0.341921561,0.318727136,0.342034912,0.342461725,0.319587993,0.329431655,,0.317956261,0.313385058,0.343953886,0.334720371,0.323942021,0.326068967,0.343234547,,0.338878663,0.32731393,0.333146944,0.333875869,0.306601826,0.333333333,0.331567244,0.32406039,
358,0.324153474,0.33295574,0.338600294,0.34161874,0.33519982,0.361971246,0.350835946,0.346903516,0.349875121,0.359051834,0.361386092,0.355870818,0.324027159,0.333433157,0.357072265,0.33799757,0.36988768,0.33089039,0.322918407,0.329089764,,0.329485544,0.328868514,0.32752695,0.334905578,0.336174343,0.34431629,0.336079519,0.334006348,,,,,,0.320083474,0.353312311,0.363047852,0.314728032,0.375493118,0.295542443,0.284469912,,0.35295807,0.329373031,0.331831063,0.314225912,0.316258235,0.336724923,0.318661163,0.373883086,,0.323867254,0.344697589,0.3150617,0.311419038,0.344720501,0.32449966,0.332002165,0.336991215,0.33940917,0.341331705,,0.339656585,0.34211495,0.317862652,0.343942617,0.341938059,0.313819142,0.332654817,0.334167076,0.314408294,0.31365009,0.343131318,0.33280478,0.325429678,0.328755841,0.347486422,,0.342318655,0.324174188,0.327552281,0.335619881,0.321085335,0.333333333,0.332567551,0.325840896,
359,0.323785839,0.337296555,0.338628621,0.340980333,0.336163817,0.350411213,0.35058129,0.346084599,0.328948109,0.349853442,0.364945132,0.357267412,0.33180008,0.33272603,0.359985634,0.340576958,0.37891771,0.326401207,0.320721584,0.330006664,,0.334860185,0.332292501,0.33063116,0.335285714,0.334083173,0.347047624,0.335616389,0.338569666,,,,,,0.316505952,0.355077372,0.378015201,0.319079381,0.387433944,0.305361049,0.294744727,0.343816676,0.355731531,0.332515068,0.331065091,0.310474639,0.315151124,0.335362568,0.312516385,0.369598829,,0.324830368,0.349620628,0.316146872,0.319404246,0.337175397,0.32733882,0.33666947,0.343445603,0.338235251,0.341654665,,0.339699279,0.341974842,0.315235627,0.342768328,0.342172955,,0.331138803,0.33650912,0.316601623,0.314440446,0.34465147,0.334385755,0.324361201,0.322488141,0.348117098,,0.344984229,0.327550754,0.332536942,0.330484569,0.313955759,0.333333333,0.332586378,0.325384629,
360,0.323166539,0.335279553,0.336526997,0.343334413,0.334447394,0.310704002,0.345837082,0.341252796,0.328258182,0.342891522,0.35891788,0.356792753,0.32170013,0.331247725,0.359748672,0.339566086,0.372605752,0.330842091,0.320469073,0.330564795,,0.337092976,0.3305103,0.330586141,0.333529075,0.338710321,0.342349603,0.337549823,0.33385652,,,,,,0.322258813,0.35409806,0.37547162,0.316727133,0.376430102,0.30062549,0.287693363,0.346312621,0.359139184,0.332004037,0.329925123,0.313812765,0.314321789,0.332193212,0.314503364,0.371383772,,0.325782353,0.347033239,0.322811723,0.308622731,0.336653367,0.326955646,0.341753819,0.343573356,0.338513768,0.340288434,,0.34036653,0.34304726,0.321764765,0.346672421,0.342881211,0.312910473,0.332394123,0.330258207,0.319750173,0.3149674,0.342834119,0.332545506,0.325774699,0.328601955,0.342965636,,0.345695291,0.324628495,0.327645465,0.336992705,0.323636825,0.333333333,0.330602864,0.325824874,
361,0.322189482,0.335948346,0.349207763,0.34754723,0.334301228,0.372181523,0.346936916,0.346074463,0.347911196,0.345549665,0.359998409,0.35842245,0.328352647,0.331102409,0.358902239,0.337926809,0.358460438,0.323647556,0.323435394,0.328081974,,0.328352233,0.328442222,0.326654833,0.331747667,0.338090741,0.342545881,0.335183243,0.334605237,,,,,,0.319333514,0.349527132,0.342277804,0.314946867,0.357473782,0.298039617,0.293762131,0.344994196,0.346459663,0.331642515,0.319748289,0.287905196,0.312879449,0.329780601,0.314943382,0.369917122,,0.327314309,0.343751708,0.32017229,0.312054027,0.346217823,0.324386327,0.336842274,0.338054717,0.337869949,0.339480154,,0.340113483,0.342065324,0.319527463,0.345080745,0.343677444,0.313533291,0.331770258,0.340924072,0.314937364,0.314533938,0.343076587,0.332212076,0.327243472,0.328215127,0.343520461,,0.343673385,0.325440132,0.330997391,0.331179081,0.323848412,0.333333333,0.33089986,0.327439611,
362,0.322888742,0.335174575,0.336349548,0.347608023,0.3354168,0.345570736,0.347690839,0.345394523,0.340005319,0.344224486,0.361769912,0.355031775,0.321582238,0.332768128,0.358031959,0.338318854,0.374636712,0.327434336,0.312699431,0.327499152,,0.331860554,0.327520689,0.330597599,0.331769479,0.336090096,0.343221017,0.334442056,0.335943809,,,,,,0.324509848,0.351589655,0.368084076,0.315570406,0.380244788,0.300262248,0.296010572,0.343733921,0.358347046,0.330561616,0.328994833,0.302983573,0.313291264,0.333198317,0.316073624,0.364559707,,0.325582961,0.343276175,0.315966197,0.308451826,0.344314958,0.328666945,0.338349856,0.341809187,0.337404569,0.338533707,,0.340085126,0.343055399,0.315097841,0.34586011,0.342941716,0.315060189,0.333934838,0.334670906,0.317877325,0.315838334,0.341764463,0.332530474,0.325740003,0.327967559,0.344660867,,0.344462311,0.322588024,0.326019179,0.331664764,0.317582104,0.333333333,0.332632512,0.326236556,
363,0.322312141,0.340174498,0.33654024,0.344903847,0.335511603,0.348936354,0.344645607,0.345244496,0.346942004,0.34472949,0.354903014,0.352733106,0.327964947,0.330977803,0.352675896,0.339103969,0.36901459,0.326000628,0.31780898,0.326674892,0.328090959,0.329173273,0.326007129,0.331337452,0.330356825,0.336096659,0.344902791,0.335302784,0.336947554,,,,,,0.330176734,0.354455722,0.366804123,0.317514012,0.371941544,0.301032799,0.318242339,0.349501777,0.350792536,0.329599657,0.337761276,0.313887889,0.311474035,,0.314767602,0.366148834,0.328195933,0.325092033,0.346150961,0.318079365,0.305393032,0.344410613,0.324688342,0.336068834,0.334427956,0.334684702,0.338953427,,0.340530615,0.342768457,0.317061284,0.344378449,0.34320931,0.314121978,0.329888798,0.338408592,0.319874994,0.314089127,0.343780718,0.332427938,0.3248745,0.326647932,0.345449082,,0.345502621,0.328396806,,0.338018375,0.320718364,0.333333333,0.331953277,0.325669433,
364,0.323698965,0.338250316,0.338547446,0.347746957,0.334032156,0.330094049,0.347274735,0.345704305,0.347189515,0.344947328,0.360240821,0.351797428,0.327602368,0.337080868,0.353480341,0.339431463,0.364506975,0.335440044,0.321645205,0.326234132,0.328139535,0.328100798,0.336989849,0.329738725,0.329900559,0.337518441,0.341421226,0.33360285,0.33572809,,,,,,0.330130205,0.353810672,0.360995428,0.314143765,0.367801505,0.302260248,0.31506419,0.348393708,0.352089124,0.328375608,0.336359168,0.296571206,0.313638477,0.334717665,0.305897248,0.369480575,0.326955416,0.32418527,0.344763651,0.319157806,0.306136948,0.341812346,0.324912229,0.337725145,0.33488724,0.336253145,0.338516106,,0.340997996,0.342050534,0.322394747,0.346450121,0.342284298,,0.332585657,0.332503127,0.318536918,0.313697284,0.343866525,0.334469408,0.324189228,0.326052217,0.345305447,,0.345969151,0.327269938,0.332301892,0.335231454,0.320652334,0.333333333,0.331971106,0.324884802,
365,0.321698559,0.333468289,0.337985051,0.349355559,0.334804134,0.338608401,0.350960486,0.346763679,0.349704663,0.344540929,0.36000188,0.354052598,0.327499746,0.331091986,0.354562053,0.338828967,0.372471081,0.323029848,0.318293449,0.326023899,0.326599601,0.329334074,0.322705384,0.330717057,0.331242296,0.337136124,0.342615899,0.331319402,0.334708654,0.333875168,,,,,0.31706703,0.349728911,0.363388197,0.30493015,0.379577601,0.300876428,0.315513185,0.348831719,0.351085251,0.330573866,0.333546758,0.278055733,0.311989243,0.331300595,0.316813319,0.372066967,0.326288249,0.323991277,0.343809107,0.314533341,0.308769678,0.338122652,0.326864262,0.340118808,0.342478917,0.340220117,0.340185845,,0.340978069,0.341844696,0.318782758,0.343736402,0.342585417,0.314603235,0.331692063,0.342517624,0.318519706,0.313625736,0.344597931,0.332820201,0.32430745,0.326067186,0.347612342,,0.344766812,0.328276582,0.331863256,0.331324726,0.316344971,0.333333333,0.331986204,0.324137555,
